year,value,anomaly,month,type,state
2000,0.28,-0.86,01,precip,AZ
2001,1.70,0.56,01,precip,AZ
2002,0.19,-0.95,01,precip,AZ
2003,0.32,-0.82,01,precip,AZ
2004,0.71,-0.43,01,precip,AZ
2005,2.83,1.69,01,precip,AZ
2006,0.13,-1.01,01,precip,AZ
2007,0.79,-0.35,01,precip,AZ
2008,1.99,0.85,01,precip,AZ
2009,0.52,-0.62,01,precip,AZ
2010,3.41,2.27,01,precip,AZ
2011,0.05,-1.09,01,precip,AZ
2012,0.26,-0.88,01,precip,AZ
2013,1.30,0.16,01,precip,AZ
2014,0.03,-1.11,01,precip,AZ
2015,1.79,0.65,01,precip,AZ
2016,1.40,0.26,01,precip,AZ
2017,2.07,0.93,01,precip,AZ
2018,0.56,-0.58,01,precip,AZ
2019,1.40,0.26,01,precip,AZ
2000,0.59,-0.56,02,precip,AZ
2001,1.00,-0.15,02,precip,AZ
2002,0.10,-1.05,02,precip,AZ
2003,2.44,1.29,02,precip,AZ
2004,1.07,-0.08,02,precip,AZ
2005,3.35,2.20,02,precip,AZ
2006,0.04,-1.11,02,precip,AZ
2007,0.56,-0.59,02,precip,AZ
2008,1.19,0.04,02,precip,AZ
2009,1.02,-0.13,02,precip,AZ
2010,1.44,0.29,02,precip,AZ
2011,1.05,-0.10,02,precip,AZ
2012,0.43,-0.72,02,precip,AZ
2013,0.51,-0.64,02,precip,AZ
2014,0.16,-0.99,02,precip,AZ
2015,0.64,-0.51,02,precip,AZ
2016,0.29,-0.86,02,precip,AZ
2017,1.26,0.11,02,precip,AZ
2018,1.07,-0.08,02,precip,AZ
2019,2.78,1.63,02,precip,AZ
2000,1.73,0.61,03,precip,AZ
2001,1.04,-0.08,03,precip,AZ
2002,0.22,-0.90,03,precip,AZ
2003,1.07,-0.05,03,precip,AZ
2004,0.75,-0.37,03,precip,AZ
2005,0.86,-0.26,03,precip,AZ
2006,1.41,0.29,03,precip,AZ
2007,0.83,-0.29,03,precip,AZ
2008,0.07,-1.05,03,precip,AZ
2009,0.17,-0.95,03,precip,AZ
2010,1.03,-0.09,03,precip,AZ
2011,0.33,-0.79,03,precip,AZ
2012,0.69,-0.43,03,precip,AZ
2013,0.57,-0.55,03,precip,AZ
2014,0.90,-0.22,03,precip,AZ
2015,1.12,0.00,03,precip,AZ
2016,0.11,-1.01,03,precip,AZ
2017,0.41,-0.71,03,precip,AZ
2018,0.44,-0.68,03,precip,AZ
2019,1.23,0.11,03,precip,AZ
2000,0.11,-0.46,04,precip,AZ
2001,0.97,0.40,04,precip,AZ
2002,0.18,-0.39,04,precip,AZ
2003,0.29,-0.28,04,precip,AZ
2004,1.32,0.75,04,precip,AZ
2005,0.70,0.13,04,precip,AZ
2006,0.24,-0.33,04,precip,AZ
2007,0.24,-0.33,04,precip,AZ
2008,0.02,-0.55,04,precip,AZ
2009,0.29,-0.28,04,precip,AZ
2010,0.27,-0.30,04,precip,AZ
2011,0.41,-0.16,04,precip,AZ
2012,0.32,-0.25,04,precip,AZ
2013,0.20,-0.37,04,precip,AZ
2014,0.24,-0.33,04,precip,AZ
2015,0.42,-0.15,04,precip,AZ
2016,0.80,0.23,04,precip,AZ
2017,0.19,-0.38,04,precip,AZ
2018,0.06,-0.51,04,precip,AZ
2000,0.02,-0.32,05,precip,AZ
2001,0.37,0.03,05,precip,AZ
2002,0.01,-0.33,05,precip,AZ
2003,0.10,-0.24,05,precip,AZ
2004,0.01,-0.33,05,precip,AZ
2005,0.21,-0.13,05,precip,AZ
2006,0.05,-0.29,05,precip,AZ
2007,0.30,-0.04,05,precip,AZ
2008,0.65,0.31,05,precip,AZ
2009,0.74,0.40,05,precip,AZ
2010,0.06,-0.28,05,precip,AZ
2011,0.28,-0.06,05,precip,AZ
2012,0.05,-0.29,05,precip,AZ
2013,0.06,-0.28,05,precip,AZ
2014,0.07,-0.27,05,precip,AZ
2015,1.00,0.66,05,precip,AZ
2016,0.52,0.18,05,precip,AZ
2017,0.41,0.07,05,precip,AZ
2018,0.16,-0.18,05,precip,AZ
2000,0.73,0.44,06,precip,AZ
2001,0.24,-0.05,06,precip,AZ
2002,0.01,-0.28,06,precip,AZ
2003,0.05,-0.24,06,precip,AZ
2004,0.09,-0.20,06,precip,AZ
2005,0.21,-0.08,06,precip,AZ
2006,0.34,0.05,06,precip,AZ
2007,0.12,-0.17,06,precip,AZ
2008,0.15,-0.14,06,precip,AZ
2009,0.34,0.05,06,precip,AZ
2010,0.08,-0.21,06,precip,AZ
2011,0.02,-0.27,06,precip,AZ
2012,0.08,-0.21,06,precip,AZ
2013,0.03,-0.26,06,precip,AZ
2014,0.01,-0.28,06,precip,AZ
2015,0.80,0.51,06,precip,AZ
2016,0.43,0.14,06,precip,AZ
2017,0.06,-0.23,06,precip,AZ
2018,0.30,0.01,06,precip,AZ
2000,0.53,-1.27,07,precip,AZ
2001,1.50,-0.30,07,precip,AZ
2002,1.31,-0.49,07,precip,AZ
2003,1.25,-0.55,07,precip,AZ
2004,1.14,-0.66,07,precip,AZ
2005,1.05,-0.75,07,precip,AZ
2006,2.49,0.69,07,precip,AZ
2007,2.27,0.47,07,precip,AZ
2008,2.25,0.45,07,precip,AZ
2009,1.09,-0.71,07,precip,AZ
2010,1.97,0.17,07,precip,AZ
2011,1.76,-0.04,07,precip,AZ
2012,2.52,0.72,07,precip,AZ
2013,2.68,0.88,07,precip,AZ
2014,1.86,0.06,07,precip,AZ
2015,1.91,0.11,07,precip,AZ
2016,1.39,-0.41,07,precip,AZ
2017,2.94,1.14,07,precip,AZ
2018,2.33,0.53,07,precip,AZ
2000,2.45,0.35,08,precip,AZ
2001,2.04,-0.06,08,precip,AZ
2002,0.87,-1.23,08,precip,AZ
2003,1.80,-0.30,08,precip,AZ
2004,1.48,-0.62,08,precip,AZ
2005,2.43,0.33,08,precip,AZ
2006,2.02,-0.08,08,precip,AZ
2007,1.87,-0.23,08,precip,AZ
2008,2.31,0.21,08,precip,AZ
2009,0.66,-1.44,08,precip,AZ
2010,1.84,-0.26,08,precip,AZ
2011,1.28,-0.82,08,precip,AZ
2012,2.22,0.12,08,precip,AZ
2013,2.39,0.29,08,precip,AZ
2014,3.13,1.03,08,precip,AZ
2015,2.10,0.00,08,precip,AZ
2016,2.57,0.47,08,precip,AZ
2017,1.38,-0.72,08,precip,AZ
2018,2.06,-0.04,08,precip,AZ
2000,0.19,-0.99,09,precip,AZ
2001,0.39,-0.79,09,precip,AZ
2002,1.88,0.70,09,precip,AZ
2003,1.09,-0.09,09,precip,AZ
2004,1.58,0.40,09,precip,AZ
2005,0.42,-0.76,09,precip,AZ
2006,1.42,0.24,09,precip,AZ
2007,0.98,-0.20,09,precip,AZ
2008,0.62,-0.56,09,precip,AZ
2009,0.69,-0.49,09,precip,AZ
2010,0.60,-0.58,09,precip,AZ
2011,1.31,0.13,09,precip,AZ
2012,1.07,-0.11,09,precip,AZ
2013,1.88,0.70,09,precip,AZ
2014,2.49,1.31,09,precip,AZ
2015,1.37,0.19,09,precip,AZ
2016,1.35,0.17,09,precip,AZ
2017,0.61,-0.57,09,precip,AZ
2018,0.86,-0.32,09,precip,AZ
2000,3.54,2.64,10,precip,AZ
2001,0.43,-0.47,10,precip,AZ
2002,0.70,-0.20,10,precip,AZ
2003,0.41,-0.49,10,precip,AZ
2004,1.95,1.05,10,precip,AZ
2005,0.92,0.02,10,precip,AZ
2006,1.18,0.28,10,precip,AZ
2007,0.15,-0.75,10,precip,AZ
2008,0.28,-0.62,10,precip,AZ
2009,0.15,-0.75,10,precip,AZ
2010,1.35,0.45,10,precip,AZ
2011,0.67,-0.23,10,precip,AZ
2012,0.25,-0.65,10,precip,AZ
2013,0.21,-0.69,10,precip,AZ
2014,0.60,-0.30,10,precip,AZ
2015,1.88,0.98,10,precip,AZ
2016,0.35,-0.55,10,precip,AZ
2017,0.03,-0.87,10,precip,AZ
2018,2.57,1.67,10,precip,AZ
2000,0.84,-0.01,11,precip,AZ
2001,0.29,-0.56,11,precip,AZ
2002,0.64,-0.21,11,precip,AZ
2003,1.15,0.30,11,precip,AZ
2004,1.76,0.91,11,precip,AZ
2005,0.06,-0.79,11,precip,AZ
2006,0.07,-0.78,11,precip,AZ
2007,0.60,-0.25,11,precip,AZ
2008,0.89,0.04,11,precip,AZ
2009,0.15,-0.70,11,precip,AZ
2010,0.19,-0.66,11,precip,AZ
2011,0.92,0.07,11,precip,AZ
2012,0.21,-0.64,11,precip,AZ
2013,1.86,1.01,11,precip,AZ
2014,0.11,-0.74,11,precip,AZ
2015,0.76,-0.09,11,precip,AZ
2016,0.94,0.09,11,precip,AZ
2017,0.02,-0.83,11,precip,AZ
2018,0.30,-0.55,11,precip,AZ
2000,0.12,-1.06,12,precip,AZ
2001,0.82,-0.36,12,precip,AZ
2002,0.86,-0.32,12,precip,AZ
2003,0.54,-0.64,12,precip,AZ
2004,1.66,0.48,12,precip,AZ
2005,0.04,-1.14,12,precip,AZ
2006,0.37,-0.81,12,precip,AZ
2007,2.28,1.10,12,precip,AZ
2008,1.89,0.71,12,precip,AZ
2009,1.21,0.03,12,precip,AZ
2010,1.67,0.49,12,precip,AZ
2011,1.55,0.37,12,precip,AZ
2012,1.46,0.28,12,precip,AZ
2013,0.44,-0.74,12,precip,AZ
2014,1.47,0.29,12,precip,AZ
2015,0.60,-0.58,12,precip,AZ
2016,2.13,0.95,12,precip,AZ
2017,0.13,-1.05,12,precip,AZ
2018,0.70,-0.48,12,precip,AZ
2000,5.09,0.84,01,precip,CA
2001,3.52,-0.73,01,precip,CA
2002,2.22,-2.03,01,precip,CA
2003,1.92,-2.33,01,precip,CA
2004,2.27,-1.98,01,precip,CA
2005,5.56,1.31,01,precip,CA
2006,4.54,0.29,01,precip,CA
2007,0.81,-3.44,01,precip,CA
2008,7.11,2.86,01,precip,CA
2009,1.27,-2.98,01,precip,CA
2010,6.48,2.23,01,precip,CA
2011,1.28,-2.97,01,precip,CA
2012,3.12,-1.13,01,precip,CA
2013,1.19,-3.06,01,precip,CA
2014,0.54,-3.71,01,precip,CA
2015,0.65,-3.60,01,precip,CA
2016,6.39,2.14,01,precip,CA
2017,9.92,5.67,01,precip,CA
2018,3.33,-0.92,01,precip,CA
2019,4.88,0.63,01,precip,CA
2000,6.93,3.08,02,precip,CA
2001,4.42,0.57,02,precip,CA
2002,1.45,-2.40,02,precip,CA
2003,2.66,-1.19,02,precip,CA
2004,5.88,2.03,02,precip,CA
2005,4.03,0.18,02,precip,CA
2006,2.69,-1.16,02,precip,CA
2007,4.24,0.39,02,precip,CA
2008,2.76,-1.09,02,precip,CA
2009,4.64,0.79,02,precip,CA
2010,3.65,-0.20,02,precip,CA
2011,3.34,-0.51,02,precip,CA
2012,1.22,-2.63,02,precip,CA
2013,0.58,-3.27,02,precip,CA
2014,4.02,0.17,02,precip,CA
2015,2.86,-0.99,02,precip,CA
2016,1.21,-2.64,02,precip,CA
2017,7.94,4.09,02,precip,CA
2018,0.57,-3.28,02,precip,CA
2019,8.03,4.18,02,precip,CA
2000,1.92,-1.29,03,precip,CA
2001,2.21,-1.00,03,precip,CA
2002,1.91,-1.30,03,precip,CA
2003,2.77,-0.44,03,precip,CA
2004,1.08,-2.13,03,precip,CA
2005,3.69,0.48,03,precip,CA
2006,5.41,2.20,03,precip,CA
2007,0.74,-2.47,03,precip,CA
2008,0.61,-2.60,03,precip,CA
2009,2.26,-0.95,03,precip,CA
2010,2.19,-1.02,03,precip,CA
2011,6.41,3.20,03,precip,CA
2012,4.74,1.53,03,precip,CA
2013,1.33,-1.88,03,precip,CA
2014,3.28,0.07,03,precip,CA
2015,0.78,-2.43,03,precip,CA
2016,4.88,1.67,03,precip,CA
2017,2.45,-0.76,03,precip,CA
2018,5.11,1.90,03,precip,CA
2019,3.98,0.77,03,precip,CA
2000,1.80,0.17,04,precip,CA
2001,1.75,0.12,04,precip,CA
2002,0.88,-0.75,04,precip,CA
2003,3.98,2.35,04,precip,CA
2004,0.70,-0.93,04,precip,CA
2005,1.79,0.16,04,precip,CA
2006,4.16,2.53,04,precip,CA
2007,1.27,-0.36,04,precip,CA
2008,0.34,-1.29,04,precip,CA
2009,0.57,-1.06,04,precip,CA
2010,3.47,1.84,04,precip,CA
2011,1.10,-0.53,04,precip,CA
2012,2.48,0.85,04,precip,CA
2013,0.71,-0.92,04,precip,CA
2014,1.06,-0.57,04,precip,CA
2015,1.06,-0.57,04,precip,CA
2016,1.52,-0.11,04,precip,CA
2017,2.73,1.10,04,precip,CA
2018,1.87,0.24,04,precip,CA
2000,0.94,0.06,05,precip,CA
2001,0.15,-0.73,05,precip,CA
2002,0.59,-0.29,05,precip,CA
2003,1.09,0.21,05,precip,CA
2004,0.45,-0.43,05,precip,CA
2005,2.54,1.66,05,precip,CA
2006,0.73,-0.15,05,precip,CA
2007,0.32,-0.56,05,precip,CA
2008,0.54,-0.34,05,precip,CA
2009,1.24,0.36,05,precip,CA
2010,1.07,0.19,05,precip,CA
2011,1.44,0.56,05,precip,CA
2012,0.20,-0.68,05,precip,CA
2013,0.62,-0.26,05,precip,CA
2014,0.35,-0.53,05,precip,CA
2015,0.93,0.05,05,precip,CA
2016,0.77,-0.11,05,precip,CA
2017,0.42,-0.46,05,precip,CA
2018,0.53,-0.35,05,precip,CA
2000,0.31,-0.04,06,precip,CA
2001,0.23,-0.12,06,precip,CA
2002,0.07,-0.28,06,precip,CA
2003,0.04,-0.31,06,precip,CA
2004,0.08,-0.27,06,precip,CA
2005,0.67,0.32,06,precip,CA
2006,0.15,-0.20,06,precip,CA
2007,0.12,-0.23,06,precip,CA
2008,0.03,-0.32,06,precip,CA
2009,0.60,0.25,06,precip,CA
2010,0.26,-0.09,06,precip,CA
2011,0.92,0.57,06,precip,CA
2012,0.32,-0.03,06,precip,CA
2013,0.38,0.03,06,precip,CA
2014,0.06,-0.29,06,precip,CA
2015,0.23,-0.12,06,precip,CA
2016,0.27,-0.08,06,precip,CA
2017,0.27,-0.08,06,precip,CA
2018,0.09,-0.26,06,precip,CA
2000,0.06,-0.12,07,precip,CA
2001,0.28,0.10,07,precip,CA
2002,0.06,-0.12,07,precip,CA
2003,0.22,0.04,07,precip,CA
2004,0.06,-0.12,07,precip,CA
2005,0.14,-0.04,07,precip,CA
2006,0.15,-0.03,07,precip,CA
2007,0.18,0.00,07,precip,CA
2008,0.14,-0.04,07,precip,CA
2009,0.05,-0.13,07,precip,CA
2010,0.07,-0.11,07,precip,CA
2011,0.22,0.04,07,precip,CA
2012,0.26,0.08,07,precip,CA
2013,0.28,0.10,07,precip,CA
2014,0.22,0.04,07,precip,CA
2015,0.66,0.48,07,precip,CA
2016,0.06,-0.12,07,precip,CA
2017,0.10,-0.08,07,precip,CA
2018,0.21,0.03,07,precip,CA
2000,0.27,0.03,08,precip,CA
2001,0.05,-0.19,08,precip,CA
2002,0.01,-0.23,08,precip,CA
2003,0.57,0.33,08,precip,CA
2004,0.19,-0.05,08,precip,CA
2005,0.29,0.05,08,precip,CA
2006,0.06,-0.18,08,precip,CA
2007,0.12,-0.12,08,precip,CA
2008,0.12,-0.12,08,precip,CA
2009,0.12,-0.12,08,precip,CA
2010,0.10,-0.14,08,precip,CA
2011,0.10,-0.14,08,precip,CA
2012,0.30,0.06,08,precip,CA
2013,0.38,0.14,08,precip,CA
2014,0.45,0.21,08,precip,CA
2015,0.08,-0.16,08,precip,CA
2016,0.06,-0.18,08,precip,CA
2017,0.25,0.01,08,precip,CA
2018,0.04,-0.20,08,precip,CA
2000,0.35,-0.10,09,precip,CA
2001,0.30,-0.15,09,precip,CA
2002,0.11,-0.34,09,precip,CA
2003,0.17,-0.28,09,precip,CA
2004,0.14,-0.31,09,precip,CA
2005,0.32,-0.13,09,precip,CA
2006,0.06,-0.39,09,precip,CA
2007,0.50,0.05,09,precip,CA
2008,0.04,-0.41,09,precip,CA
2009,0.09,-0.36,09,precip,CA
2010,0.16,-0.29,09,precip,CA
2011,0.28,-0.17,09,precip,CA
2012,0.10,-0.35,09,precip,CA
2013,0.77,0.32,09,precip,CA
2014,0.72,0.27,09,precip,CA
2015,0.33,-0.12,09,precip,CA
2016,0.10,-0.35,09,precip,CA
2017,0.43,-0.02,09,precip,CA
2018,0.05,-0.40,09,precip,CA
2000,2.20,1.00,10,precip,CA
2001,0.65,-0.55,10,precip,CA
2002,0.06,-1.14,10,precip,CA
2003,0.09,-1.11,10,precip,CA
2004,3.72,2.52,10,precip,CA
2005,1.00,-0.20,10,precip,CA
2006,0.45,-0.75,10,precip,CA
2007,1.50,0.30,10,precip,CA
2008,0.70,-0.50,10,precip,CA
2009,2.07,0.87,10,precip,CA
2010,3.00,1.80,10,precip,CA
2011,1.54,0.34,10,precip,CA
2012,0.99,-0.21,10,precip,CA
2013,0.26,-0.94,10,precip,CA
2014,1.06,-0.14,10,precip,CA
2015,0.90,-0.30,10,precip,CA
2016,3.82,2.62,10,precip,CA
2017,0.34,-0.86,10,precip,CA
2018,0.65,-0.55,10,precip,CA
2000,0.79,-1.74,11,precip,CA
2001,4.21,1.68,11,precip,CA
2002,3.18,0.65,11,precip,CA
2003,2.35,-0.18,11,precip,CA
2004,1.68,-0.85,11,precip,CA
2005,2.26,-0.27,11,precip,CA
2006,2.08,-0.45,11,precip,CA
2007,0.82,-1.71,11,precip,CA
2008,2.41,-0.12,11,precip,CA
2009,0.99,-1.54,11,precip,CA
2010,2.60,0.07,11,precip,CA
2011,1.69,-0.84,11,precip,CA
2012,3.57,1.04,11,precip,CA
2013,0.99,-1.54,11,precip,CA
2014,1.84,-0.69,11,precip,CA
2015,1.87,-0.66,11,precip,CA
2016,2.16,-0.37,11,precip,CA
2017,2.98,0.45,11,precip,CA
2018,2.55,0.02,11,precip,CA
2000,0.77,-2.84,12,precip,CA
2001,5.25,1.64,12,precip,CA
2002,8.14,4.53,12,precip,CA
2003,5.77,2.16,12,precip,CA
2004,5.51,1.90,12,precip,CA
2005,7.81,4.20,12,precip,CA
2006,3.13,-0.48,12,precip,CA
2007,3.21,-0.40,12,precip,CA
2008,3.05,-0.56,12,precip,CA
2009,3.15,-0.46,12,precip,CA
2010,8.13,4.52,12,precip,CA
2011,0.47,-3.14,12,precip,CA
2012,6.15,2.54,12,precip,CA
2013,0.44,-3.17,12,precip,CA
2014,6.30,2.69,12,precip,CA
2015,4.69,1.08,12,precip,CA
2016,4.49,0.88,12,precip,CA
2017,0.30,-3.31,12,precip,CA
2018,2.27,-1.34,12,precip,CA
2000,1.25,0.19,01,precip,CO
2001,1.02,-0.04,01,precip,CO
2002,0.64,-0.42,01,precip,CO
2003,0.44,-0.62,01,precip,CO
2004,0.90,-0.16,01,precip,CO
2005,1.97,0.91,01,precip,CO
2006,0.97,-0.09,01,precip,CO
2007,1.00,-0.06,01,precip,CO
2008,1.60,0.54,01,precip,CO
2009,0.98,-0.08,01,precip,CO
2010,0.88,-0.18,01,precip,CO
2011,0.71,-0.35,01,precip,CO
2012,0.69,-0.37,01,precip,CO
2013,0.91,-0.15,01,precip,CO
2014,1.18,0.12,01,precip,CO
2015,0.65,-0.41,01,precip,CO
2016,1.02,-0.04,01,precip,CO
2017,2.29,1.23,01,precip,CO
2018,0.81,-0.25,01,precip,CO
2019,1.32,0.26,01,precip,CO
2000,1.19,0.10,02,precip,CO
2001,1.14,0.05,02,precip,CO
2002,0.48,-0.61,02,precip,CO
2003,1.49,0.40,02,precip,CO
2004,1.27,0.18,02,precip,CO
2005,1.06,-0.03,02,precip,CO
2006,0.46,-0.63,02,precip,CO
2007,0.96,-0.13,02,precip,CO
2008,1.44,0.35,02,precip,CO
2009,0.78,-0.31,02,precip,CO
2010,1.21,0.12,02,precip,CO
2011,1.17,0.08,02,precip,CO
2012,1.36,0.27,02,precip,CO
2013,0.89,-0.20,02,precip,CO
2014,1.18,0.09,02,precip,CO
2015,1.35,0.26,02,precip,CO
2016,0.85,-0.24,02,precip,CO
2017,1.00,-0.09,02,precip,CO
2018,1.13,0.04,02,precip,CO
2019,1.56,0.47,02,precip,CO
2000,2.55,1.03,03,precip,CO
2001,1.42,-0.10,03,precip,CO
2002,0.87,-0.65,03,precip,CO
2003,2.19,0.67,03,precip,CO
2004,0.61,-0.91,03,precip,CO
2005,1.40,-0.12,03,precip,CO
2006,1.62,0.10,03,precip,CO
2007,1.09,-0.43,03,precip,CO
2008,1.01,-0.51,03,precip,CO
2009,1.13,-0.39,03,precip,CO
2010,1.74,0.22,03,precip,CO
2011,1.16,-0.36,03,precip,CO
2012,0.45,-1.07,03,precip,CO
2013,1.07,-0.45,03,precip,CO
2014,1.15,-0.37,03,precip,CO
2015,0.86,-0.66,03,precip,CO
2016,1.28,-0.24,03,precip,CO
2017,1.19,-0.33,03,precip,CO
2018,0.90,-0.62,03,precip,CO
2019,2.69,1.17,03,precip,CO
2000,1.32,-0.52,04,precip,CO
2001,1.65,-0.19,04,precip,CO
2002,0.57,-1.27,04,precip,CO
2003,1.57,-0.27,04,precip,CO
2004,3.15,1.31,04,precip,CO
2005,1.97,0.13,04,precip,CO
2006,0.91,-0.93,04,precip,CO
2007,2.08,0.24,04,precip,CO
2008,1.14,-0.70,04,precip,CO
2009,2.36,0.52,04,precip,CO
2010,2.13,0.29,04,precip,CO
2011,2.10,0.26,04,precip,CO
2012,1.38,-0.46,04,precip,CO
2013,1.67,-0.17,04,precip,CO
2014,1.35,-0.49,04,precip,CO
2015,1.88,0.04,04,precip,CO
2016,2.74,0.90,04,precip,CO
2017,2.16,0.32,04,precip,CO
2018,1.30,-0.54,04,precip,CO
2000,1.20,-0.82,05,precip,CO
2001,2.69,0.67,05,precip,CO
2002,0.57,-1.45,05,precip,CO
2003,1.75,-0.27,05,precip,CO
2004,0.70,-1.32,05,precip,CO
2005,1.49,-0.53,05,precip,CO
2006,0.91,-1.11,05,precip,CO
2007,2.09,0.07,05,precip,CO
2008,1.55,-0.47,05,precip,CO
2009,1.94,-0.08,05,precip,CO
2010,1.34,-0.68,05,precip,CO
2011,2.57,0.55,05,precip,CO
2012,0.91,-1.11,05,precip,CO
2013,1.55,-0.47,05,precip,CO
2014,2.15,0.13,05,precip,CO
2015,5.30,3.28,05,precip,CO
2016,2.07,0.05,05,precip,CO
2017,2.82,0.80,05,precip,CO
2018,1.55,-0.47,05,precip,CO
2000,1.00,-0.54,06,precip,CO
2001,0.94,-0.60,06,precip,CO
2002,0.87,-0.67,06,precip,CO
2003,2.07,0.53,06,precip,CO
2004,1.99,0.45,06,precip,CO
2005,2.20,0.66,06,precip,CO
2006,0.81,-0.73,06,precip,CO
2007,1.17,-0.37,06,precip,CO
2008,0.98,-0.56,06,precip,CO
2009,2.64,1.10,06,precip,CO
2010,1.35,-0.19,06,precip,CO
2011,0.94,-0.60,06,precip,CO
2012,0.42,-1.12,06,precip,CO
2013,0.66,-0.88,06,precip,CO
2014,1.19,-0.35,06,precip,CO
2015,1.91,0.37,06,precip,CO
2016,1.35,-0.19,06,precip,CO
2017,0.69,-0.85,06,precip,CO
2018,0.94,-0.60,06,precip,CO
2000,1.63,-0.47,07,precip,CO
2001,2.44,0.34,07,precip,CO
2002,1.02,-1.08,07,precip,CO
2003,1.02,-1.08,07,precip,CO
2004,2.36,0.26,07,precip,CO
2005,1.05,-1.05,07,precip,CO
2006,3.00,0.90,07,precip,CO
2007,2.00,-0.10,07,precip,CO
2008,1.48,-0.62,07,precip,CO
2009,2.31,0.21,07,precip,CO
2010,2.46,0.36,07,precip,CO
2011,2.54,0.44,07,precip,CO
2012,2.27,0.17,07,precip,CO
2013,2.44,0.34,07,precip,CO
2014,2.76,0.66,07,precip,CO
2015,2.37,0.27,07,precip,CO
2016,1.64,-0.46,07,precip,CO
2017,3.05,0.95,07,precip,CO
2018,2.07,-0.03,07,precip,CO
2000,2.01,-0.02,08,precip,CO
2001,1.97,-0.06,08,precip,CO
2002,1.49,-0.54,08,precip,CO
2003,1.85,-0.18,08,precip,CO
2004,1.85,-0.18,08,precip,CO
2005,2.23,0.20,08,precip,CO
2006,2.66,0.63,08,precip,CO
2007,2.41,0.38,08,precip,CO
2008,3.14,1.11,08,precip,CO
2009,1.18,-0.85,08,precip,CO
2010,2.34,0.31,08,precip,CO
2011,1.60,-0.43,08,precip,CO
2012,1.07,-0.96,08,precip,CO
2013,2.24,0.21,08,precip,CO
2014,2.59,0.56,08,precip,CO
2015,1.67,-0.36,08,precip,CO
2016,2.07,0.04,08,precip,CO
2017,1.87,-0.16,08,precip,CO
2018,1.47,-0.56,08,precip,CO
2000,1.35,-0.08,09,precip,CO
2001,1.04,-0.39,09,precip,CO
2002,2.10,0.67,09,precip,CO
2003,1.44,0.01,09,precip,CO
2004,2.17,0.74,09,precip,CO
2005,1.35,-0.08,09,precip,CO
2006,2.19,0.76,09,precip,CO
2007,1.80,0.37,09,precip,CO
2008,1.10,-0.33,09,precip,CO
2009,1.46,0.03,09,precip,CO
2010,0.73,-0.70,09,precip,CO
2011,1.27,-0.16,09,precip,CO
2012,1.29,-0.14,09,precip,CO
2013,3.88,2.45,09,precip,CO
2014,2.08,0.65,09,precip,CO
2015,0.76,-0.67,09,precip,CO
2016,1.00,-0.43,09,precip,CO
2017,1.98,0.55,09,precip,CO
2018,0.72,-0.71,09,precip,CO
2000,1.76,0.41,10,precip,CO
2001,0.65,-0.70,10,precip,CO
2002,1.62,0.27,10,precip,CO
2003,0.37,-0.98,10,precip,CO
2004,1.47,0.12,10,precip,CO
2005,2.33,0.98,10,precip,CO
2006,2.83,1.48,10,precip,CO
2007,1.13,-0.22,10,precip,CO
2008,1.27,-0.08,10,precip,CO
2009,2.10,0.75,10,precip,CO
2010,1.41,0.06,10,precip,CO
2011,1.66,0.31,10,precip,CO
2012,0.72,-0.63,10,precip,CO
2013,1.51,0.16,10,precip,CO
2014,1.08,-0.27,10,precip,CO
2015,1.82,0.47,10,precip,CO
2016,0.49,-0.86,10,precip,CO
2017,0.93,-0.42,10,precip,CO
2018,2.43,1.08,10,precip,CO
2000,0.83,-0.24,11,precip,CO
2001,1.20,0.13,11,precip,CO
2002,0.98,-0.09,11,precip,CO
2003,1.34,0.27,11,precip,CO
2004,1.69,0.62,11,precip,CO
2005,0.89,-0.18,11,precip,CO
2006,0.80,-0.27,11,precip,CO
2007,0.40,-0.67,11,precip,CO
2008,0.92,-0.15,11,precip,CO
2009,0.61,-0.46,11,precip,CO
2010,0.95,-0.12,11,precip,CO
2011,0.99,-0.08,11,precip,CO
2012,0.44,-0.63,11,precip,CO
2013,1.15,0.08,11,precip,CO
2014,1.12,0.05,11,precip,CO
2015,1.69,0.62,11,precip,CO
2016,0.92,-0.15,11,precip,CO
2017,0.52,-0.55,11,precip,CO
2018,0.87,-0.20,11,precip,CO
2000,0.82,-0.26,12,precip,CO
2001,0.65,-0.43,12,precip,CO
2002,0.64,-0.44,12,precip,CO
2003,0.91,-0.17,12,precip,CO
2004,0.77,-0.31,12,precip,CO
2005,1.01,-0.07,12,precip,CO
2006,1.51,0.43,12,precip,CO
2007,2.58,1.50,12,precip,CO
2008,1.83,0.75,12,precip,CO
2009,1.30,0.22,12,precip,CO
2010,1.65,0.57,12,precip,CO
2011,0.91,-0.17,12,precip,CO
2012,1.31,0.23,12,precip,CO
2013,0.82,-0.26,12,precip,CO
2014,1.31,0.23,12,precip,CO
2015,1.47,0.39,12,precip,CO
2016,1.65,0.57,12,precip,CO
2017,0.40,-0.68,12,precip,CO
2018,0.74,-0.34,12,precip,CO
2000,3.41,0.39,01,precip,ID
2001,1.37,-1.65,01,precip,ID
2002,2.97,-0.05,01,precip,ID
2003,3.19,0.17,01,precip,ID
2004,2.90,-0.12,01,precip,ID
2005,1.81,-1.21,01,precip,ID
2006,4.71,1.69,01,precip,ID
2007,1.36,-1.66,01,precip,ID
2008,3.53,0.51,01,precip,ID
2009,2.72,-0.30,01,precip,ID
2010,2.54,-0.48,01,precip,ID
2011,2.79,-0.23,01,precip,ID
2012,3.33,0.31,01,precip,ID
2013,1.90,-1.12,01,precip,ID
2014,2.02,-1.00,01,precip,ID
2015,2.06,-0.96,01,precip,ID
2016,2.66,-0.36,01,precip,ID
2017,3.33,0.31,01,precip,ID
2018,2.77,-0.25,01,precip,ID
2019,2.16,-0.86,01,precip,ID
2000,3.05,0.59,02,precip,ID
2001,1.18,-1.28,02,precip,ID
2002,1.33,-1.13,02,precip,ID
2003,2.01,-0.45,02,precip,ID
2004,2.19,-0.27,02,precip,ID
2005,0.71,-1.75,02,precip,ID
2006,1.79,-0.67,02,precip,ID
2007,2.45,-0.01,02,precip,ID
2008,2.23,-0.23,02,precip,ID
2009,1.46,-1.00,02,precip,ID
2010,1.06,-1.40,02,precip,ID
2011,1.93,-0.53,02,precip,ID
2012,1.78,-0.68,02,precip,ID
2013,1.07,-1.39,02,precip,ID
2014,3.68,1.22,02,precip,ID
2015,1.86,-0.60,02,precip,ID
2016,1.65,-0.81,02,precip,ID
2017,4.91,2.45,02,precip,ID
2018,2.33,-0.13,02,precip,ID
2019,4.59,2.13,02,precip,ID
2000,1.92,-0.40,03,precip,ID
2001,1.58,-0.74,03,precip,ID
2002,2.39,0.07,03,precip,ID
2003,3.31,0.99,03,precip,ID
2004,1.10,-1.22,03,precip,ID
2005,2.44,0.12,03,precip,ID
2006,2.69,0.37,03,precip,ID
2007,1.45,-0.87,03,precip,ID
2008,2.28,-0.04,03,precip,ID
2009,3.17,0.85,03,precip,ID
2010,1.86,-0.46,03,precip,ID
2011,3.88,1.56,03,precip,ID
2012,4.25,1.93,03,precip,ID
2013,1.47,-0.85,03,precip,ID
2014,3.92,1.60,03,precip,ID
2015,1.51,-0.81,03,precip,ID
2016,3.58,1.26,03,precip,ID
2017,4.14,1.82,03,precip,ID
2018,2.74,0.42,03,precip,ID
2019,1.41,-0.91,03,precip,ID
2000,1.50,-0.44,04,precip,ID
2001,2.33,0.39,04,precip,ID
2002,1.98,0.04,04,precip,ID
2003,2.54,0.60,04,precip,ID
2004,1.37,-0.57,04,precip,ID
2005,2.23,0.29,04,precip,ID
2006,3.07,1.13,04,precip,ID
2007,1.59,-0.35,04,precip,ID
2008,1.20,-0.74,04,precip,ID
2009,1.84,-0.10,04,precip,ID
2010,2.64,0.70,04,precip,ID
2011,3.18,1.24,04,precip,ID
2012,2.12,0.18,04,precip,ID
2013,1.81,-0.13,04,precip,ID
2014,2.15,0.21,04,precip,ID
2015,1.23,-0.71,04,precip,ID
2016,1.65,-0.29,04,precip,ID
2017,2.95,1.01,04,precip,ID
2018,2.56,0.62,04,precip,ID
2000,2.05,-0.07,05,precip,ID
2001,1.02,-1.10,05,precip,ID
2002,1.53,-0.59,05,precip,ID
2003,2.02,-0.10,05,precip,ID
2004,3.50,1.38,05,precip,ID
2005,4.11,1.99,05,precip,ID
2006,1.63,-0.49,05,precip,ID
2007,1.09,-1.03,05,precip,ID
2008,1.82,-0.30,05,precip,ID
2009,2.03,-0.09,05,precip,ID
2010,2.77,0.65,05,precip,ID
2011,3.15,1.03,05,precip,ID
2012,1.91,-0.21,05,precip,ID
2013,1.51,-0.61,05,precip,ID
2014,1.26,-0.86,05,precip,ID
2015,2.89,0.77,05,precip,ID
2016,2.21,0.09,05,precip,ID
2017,1.59,-0.53,05,precip,ID
2018,2.39,0.27,05,precip,ID
2000,0.86,-0.94,06,precip,ID
2001,1.40,-0.40,06,precip,ID
2002,1.42,-0.38,06,precip,ID
2003,0.64,-1.16,06,precip,ID
2004,1.43,-0.37,06,precip,ID
2005,2.44,0.64,06,precip,ID
2006,1.74,-0.06,06,precip,ID
2007,1.23,-0.57,06,precip,ID
2008,1.43,-0.37,06,precip,ID
2009,3.51,1.71,06,precip,ID
2010,3.24,1.44,06,precip,ID
2011,1.96,0.16,06,precip,ID
2012,1.60,-0.20,06,precip,ID
2013,1.35,-0.45,06,precip,ID
2014,1.32,-0.48,06,precip,ID
2015,0.77,-1.03,06,precip,ID
2016,0.80,-1.00,06,precip,ID
2017,1.69,-0.11,06,precip,ID
2018,1.70,-0.10,06,precip,ID
2000,0.35,-0.48,07,precip,ID
2001,1.12,0.29,07,precip,ID
2002,0.51,-0.32,07,precip,ID
2003,0.30,-0.53,07,precip,ID
2004,0.91,0.08,07,precip,ID
2005,0.35,-0.48,07,precip,ID
2006,0.46,-0.37,07,precip,ID
2007,0.38,-0.45,07,precip,ID
2008,0.31,-0.52,07,precip,ID
2009,0.71,-0.12,07,precip,ID
2010,0.52,-0.31,07,precip,ID
2011,0.55,-0.28,07,precip,ID
2012,0.93,0.10,07,precip,ID
2013,0.53,-0.30,07,precip,ID
2014,0.39,-0.44,07,precip,ID
2015,1.37,0.54,07,precip,ID
2016,0.72,-0.11,07,precip,ID
2017,0.33,-0.50,07,precip,ID
2018,0.24,-0.59,07,precip,ID
2000,0.31,-0.53,08,precip,ID
2001,0.17,-0.67,08,precip,ID
2002,0.51,-0.33,08,precip,ID
2003,0.96,0.12,08,precip,ID
2004,1.90,1.06,08,precip,ID
2005,0.47,-0.37,08,precip,ID
2006,0.40,-0.44,08,precip,ID
2007,0.51,-0.33,08,precip,ID
2008,0.82,-0.02,08,precip,ID
2009,1.45,0.61,08,precip,ID
2010,0.83,-0.01,08,precip,ID
2011,0.51,-0.33,08,precip,ID
2012,0.28,-0.56,08,precip,ID
2013,0.71,-0.13,08,precip,ID
2014,2.29,1.45,08,precip,ID
2015,0.76,-0.08,08,precip,ID
2016,0.15,-0.69,08,precip,ID
2017,0.35,-0.49,08,precip,ID
2018,0.58,-0.26,08,precip,ID
2000,1.65,0.44,09,precip,ID
2001,0.73,-0.48,09,precip,ID
2002,1.03,-0.18,09,precip,ID
2003,0.72,-0.49,09,precip,ID
2004,1.55,0.34,09,precip,ID
2005,0.93,-0.28,09,precip,ID
2006,1.25,0.04,09,precip,ID
2007,1.26,0.05,09,precip,ID
2008,0.77,-0.44,09,precip,ID
2009,0.35,-0.86,09,precip,ID
2010,0.94,-0.27,09,precip,ID
2011,0.39,-0.82,09,precip,ID
2012,0.32,-0.89,09,precip,ID
2013,2.96,1.75,09,precip,ID
2014,1.53,0.32,09,precip,ID
2015,1.31,0.10,09,precip,ID
2016,1.82,0.61,09,precip,ID
2017,2.09,0.88,09,precip,ID
2018,0.19,-1.02,09,precip,ID
2000,2.77,1.03,10,precip,ID
2001,2.22,0.48,10,precip,ID
2002,0.63,-1.11,10,precip,ID
2003,0.80,-0.94,10,precip,ID
2004,2.41,0.67,10,precip,ID
2005,1.84,0.10,10,precip,ID
2006,1.58,-0.16,10,precip,ID
2007,2.58,0.84,10,precip,ID
2008,1.04,-0.70,10,precip,ID
2009,2.47,0.73,10,precip,ID
2010,2.49,0.75,10,precip,ID
2011,2.83,1.09,10,precip,ID
2012,2.32,0.58,10,precip,ID
2013,0.85,-0.89,10,precip,ID
2014,1.29,-0.45,10,precip,ID
2015,1.69,-0.05,10,precip,ID
2016,4.54,2.80,10,precip,ID
2017,1.65,-0.09,10,precip,ID
2018,1.95,0.21,10,precip,ID
2000,1.34,-1.34,11,precip,ID
2001,2.51,-0.17,11,precip,ID
2002,1.60,-1.08,11,precip,ID
2003,2.45,-0.23,11,precip,ID
2004,1.38,-1.30,11,precip,ID
2005,2.88,0.20,11,precip,ID
2006,4.34,1.66,11,precip,ID
2007,2.04,-0.64,11,precip,ID
2008,2.80,0.12,11,precip,ID
2009,1.33,-1.35,11,precip,ID
2010,3.03,0.35,11,precip,ID
2011,1.99,-0.69,11,precip,ID
2012,2.75,0.07,11,precip,ID
2013,1.72,-0.96,11,precip,ID
2014,3.32,0.64,11,precip,ID
2015,2.51,-0.17,11,precip,ID
2016,1.44,-1.24,11,precip,ID
2017,3.55,0.87,11,precip,ID
2018,2.34,-0.34,11,precip,ID
2000,1.68,-1.22,12,precip,ID
2001,3.50,0.60,12,precip,ID
2002,3.08,0.18,12,precip,ID
2003,3.62,0.72,12,precip,ID
2004,2.54,-0.36,12,precip,ID
2005,4.38,1.48,12,precip,ID
2006,2.72,-0.18,12,precip,ID
2007,3.62,0.72,12,precip,ID
2008,3.74,0.84,12,precip,ID
2009,1.84,-1.06,12,precip,ID
2010,4.22,1.32,12,precip,ID
2011,1.53,-1.37,12,precip,ID
2012,4.12,1.22,12,precip,ID
2013,1.76,-1.14,12,precip,ID
2014,3.30,0.40,12,precip,ID
2015,4.56,1.66,12,precip,ID
2016,3.66,0.76,12,precip,ID
2017,2.24,-0.66,12,precip,ID
2018,2.18,-0.72,12,precip,ID
2000,1.19,-0.16,01,precip,MT
2001,0.51,-0.84,01,precip,MT
2002,1.26,-0.09,01,precip,MT
2003,1.37,0.02,01,precip,MT
2004,1.30,-0.05,01,precip,MT
2005,0.79,-0.56,01,precip,MT
2006,1.40,0.05,01,precip,MT
2007,0.72,-0.63,01,precip,MT
2008,1.26,-0.09,01,precip,MT
2009,1.34,-0.01,01,precip,MT
2010,1.08,-0.27,01,precip,MT
2011,1.77,0.42,01,precip,MT
2012,1.23,-0.12,01,precip,MT
2013,1.05,-0.30,01,precip,MT
2014,1.21,-0.14,01,precip,MT
2015,1.18,-0.17,01,precip,MT
2016,0.91,-0.44,01,precip,MT
2017,0.91,-0.44,01,precip,MT
2018,1.15,-0.20,01,precip,MT
2019,1.02,-0.33,01,precip,MT
2000,1.26,0.20,02,precip,MT
2001,0.82,-0.24,02,precip,MT
2002,0.98,-0.08,02,precip,MT
2003,1.21,0.15,02,precip,MT
2004,0.72,-0.34,02,precip,MT
2005,0.27,-0.79,02,precip,MT
2006,0.91,-0.15,02,precip,MT
2007,1.42,0.36,02,precip,MT
2008,1.08,0.02,02,precip,MT
2009,0.74,-0.32,02,precip,MT
2010,0.50,-0.56,02,precip,MT
2011,1.37,0.31,02,precip,MT
2012,0.95,-0.11,02,precip,MT
2013,0.55,-0.51,02,precip,MT
2014,1.71,0.65,02,precip,MT
2015,0.90,-0.16,02,precip,MT
2016,0.85,-0.21,02,precip,MT
2017,1.72,0.66,02,precip,MT
2018,2.12,1.06,02,precip,MT
2019,1.86,0.80,02,precip,MT
2000,1.00,-0.28,03,precip,MT
2001,0.83,-0.45,03,precip,MT
2002,1.48,0.20,03,precip,MT
2003,2.10,0.82,03,precip,MT
2004,0.64,-0.64,03,precip,MT
2005,1.46,0.18,03,precip,MT
2006,1.25,-0.03,03,precip,MT
2007,1.16,-0.12,03,precip,MT
2008,0.93,-0.35,03,precip,MT
2009,1.72,0.44,03,precip,MT
2010,0.74,-0.54,03,precip,MT
2011,1.62,0.34,03,precip,MT
2012,1.60,0.32,03,precip,MT
2013,0.91,-0.37,03,precip,MT
2014,2.26,0.98,03,precip,MT
2015,0.99,-0.29,03,precip,MT
2016,1.37,0.09,03,precip,MT
2017,1.84,0.56,03,precip,MT
2018,1.42,0.14,03,precip,MT
2019,0.60,-0.68,03,precip,MT
2000,1.28,-0.23,04,precip,MT
2001,1.72,0.21,04,precip,MT
2002,1.25,-0.26,04,precip,MT
2003,2.03,0.52,04,precip,MT
2004,1.15,-0.36,04,precip,MT
2005,1.94,0.43,04,precip,MT
2006,2.68,1.17,04,precip,MT
2007,1.78,0.27,04,precip,MT
2008,0.98,-0.53,04,precip,MT
2009,1.94,0.43,04,precip,MT
2010,2.08,0.57,04,precip,MT
2011,2.52,1.01,04,precip,MT
2012,1.98,0.47,04,precip,MT
2013,1.50,-0.01,04,precip,MT
2014,1.47,-0.04,04,precip,MT
2015,1.08,-0.43,04,precip,MT
2016,2.33,0.82,04,precip,MT
2017,2.13,0.62,04,precip,MT
2018,2.11,0.60,04,precip,MT
2000,2.09,-0.33,05,precip,MT
2001,0.83,-1.59,05,precip,MT
2002,2.04,-0.38,05,precip,MT
2003,2.33,-0.09,05,precip,MT
2004,3.00,0.58,05,precip,MT
2005,2.72,0.30,05,precip,MT
2006,1.80,-0.62,05,precip,MT
2007,4.05,1.63,05,precip,MT
2008,4.05,1.63,05,precip,MT
2009,1.34,-1.08,05,precip,MT
2010,3.93,1.51,05,precip,MT
2011,5.70,3.28,05,precip,MT
2012,2.42,0.00,05,precip,MT
2013,4.15,1.73,05,precip,MT
2014,1.92,-0.50,05,precip,MT
2015,2.43,0.01,05,precip,MT
2016,3.10,0.68,05,precip,MT
2017,1.54,-0.88,05,precip,MT
2018,2.78,0.36,05,precip,MT
2000,2.09,-0.77,06,precip,MT
2001,3.83,0.97,06,precip,MT
2002,3.37,0.51,06,precip,MT
2003,2.18,-0.68,06,precip,MT
2004,2.03,-0.83,06,precip,MT
2005,4.80,1.94,06,precip,MT
2006,2.35,-0.51,06,precip,MT
2007,2.09,-0.77,06,precip,MT
2008,2.85,-0.01,06,precip,MT
2009,2.15,-0.71,06,precip,MT
2010,3.66,0.80,06,precip,MT
2011,3.36,0.50,06,precip,MT
2012,2.01,-0.85,06,precip,MT
2013,3.12,0.26,06,precip,MT
2014,3.20,0.34,06,precip,MT
2015,1.77,-1.09,06,precip,MT
2016,1.53,-1.33,06,precip,MT
2017,1.73,-1.13,06,precip,MT
2018,3.57,0.71,06,precip,MT
2000,1.64,0.05,07,precip,MT
2001,2.48,0.89,07,precip,MT
2002,1.41,-0.18,07,precip,MT
2003,0.50,-1.09,07,precip,MT
2004,1.48,-0.11,07,precip,MT
2005,0.67,-0.92,07,precip,MT
2006,0.59,-1.00,07,precip,MT
2007,0.83,-0.76,07,precip,MT
2008,1.05,-0.54,07,precip,MT
2009,2.03,0.44,07,precip,MT
2010,1.51,-0.08,07,precip,MT
2011,1.39,-0.20,07,precip,MT
2012,1.29,-0.30,07,precip,MT
2013,1.19,-0.40,07,precip,MT
2014,0.69,-0.90,07,precip,MT
2015,1.88,0.29,07,precip,MT
2016,2.07,0.48,07,precip,MT
2017,0.43,-1.16,07,precip,MT
2018,0.77,-0.82,07,precip,MT
2000,0.38,-0.93,08,precip,MT
2001,0.21,-1.10,08,precip,MT
2002,1.89,0.58,08,precip,MT
2003,0.71,-0.60,08,precip,MT
2004,1.97,0.66,08,precip,MT
2005,1.24,-0.07,08,precip,MT
2006,0.82,-0.49,08,precip,MT
2007,0.74,-0.57,08,precip,MT
2008,1.16,-0.15,08,precip,MT
2009,1.86,0.55,08,precip,MT
2010,2.18,0.87,08,precip,MT
2011,0.77,-0.54,08,precip,MT
2012,0.57,-0.74,08,precip,MT
2013,1.46,0.15,08,precip,MT
2014,3.70,2.39,08,precip,MT
2015,1.01,-0.30,08,precip,MT
2016,1.04,-0.27,08,precip,MT
2017,0.37,-0.94,08,precip,MT
2018,1.12,-0.19,08,precip,MT
2000,1.54,0.08,09,precip,MT
2001,0.92,-0.54,09,precip,MT
2002,1.37,-0.09,09,precip,MT
2003,1.08,-0.38,09,precip,MT
2004,1.53,0.07,09,precip,MT
2005,1.30,-0.16,09,precip,MT
2006,1.92,0.46,09,precip,MT
2007,1.46,0.00,09,precip,MT
2008,1.62,0.16,09,precip,MT
2009,0.55,-0.91,09,precip,MT
2010,1.87,0.41,09,precip,MT
2011,0.47,-0.99,09,precip,MT
2012,0.17,-1.29,09,precip,MT
2013,2.53,1.07,09,precip,MT
2014,1.20,-0.26,09,precip,MT
2015,1.29,-0.17,09,precip,MT
2016,2.47,1.01,09,precip,MT
2017,2.10,0.64,09,precip,MT
2018,1.12,-0.34,09,precip,MT
2000,1.35,0.10,10,precip,MT
2001,1.29,0.04,10,precip,MT
2002,0.68,-0.57,10,precip,MT
2003,1.33,0.08,10,precip,MT
2004,1.49,0.24,10,precip,MT
2005,1.93,0.68,10,precip,MT
2006,1.94,0.69,10,precip,MT
2007,1.61,0.36,10,precip,MT
2008,1.32,0.07,10,precip,MT
2009,2.17,0.92,10,precip,MT
2010,0.91,-0.34,10,precip,MT
2011,1.99,0.74,10,precip,MT
2012,1.82,0.57,10,precip,MT
2013,1.19,-0.06,10,precip,MT
2014,0.96,-0.29,10,precip,MT
2015,1.40,0.15,10,precip,MT
2016,3.36,2.11,10,precip,MT
2017,1.16,-0.09,10,precip,MT
2018,1.35,0.10,10,precip,MT
2000,0.98,-0.30,11,precip,MT
2001,0.71,-0.57,11,precip,MT
2002,0.66,-0.62,11,precip,MT
2003,1.15,-0.13,11,precip,MT
2004,0.60,-0.68,11,precip,MT
2005,1.66,0.38,11,precip,MT
2006,1.71,0.43,11,precip,MT
2007,0.92,-0.36,11,precip,MT
2008,1.37,0.09,11,precip,MT
2009,0.56,-0.72,11,precip,MT
2010,1.92,0.64,11,precip,MT
2011,1.08,-0.20,11,precip,MT
2012,1.45,0.17,11,precip,MT
2013,0.91,-0.37,11,precip,MT
2014,1.98,0.70,11,precip,MT
2015,1.34,0.06,11,precip,MT
2016,0.65,-0.63,11,precip,MT
2017,1.70,0.42,11,precip,MT
2018,1.40,0.12,11,precip,MT
2000,0.87,-0.42,12,precip,MT
2001,0.79,-0.50,12,precip,MT
2002,0.78,-0.51,12,precip,MT
2003,1.40,0.11,12,precip,MT
2004,0.93,-0.36,12,precip,MT
2005,1.23,-0.06,12,precip,MT
2006,0.87,-0.42,12,precip,MT
2007,1.19,-0.10,12,precip,MT
2008,1.81,0.52,12,precip,MT
2009,1.05,-0.24,12,precip,MT
2010,1.61,0.32,12,precip,MT
2011,0.81,-0.48,12,precip,MT
2012,1.32,0.03,12,precip,MT
2013,1.46,0.17,12,precip,MT
2014,1.30,0.01,12,precip,MT
2015,1.61,0.32,12,precip,MT
2016,1.49,0.20,12,precip,MT
2017,1.81,0.52,12,precip,MT
2018,0.98,-0.31,12,precip,MT
2000,1.43,0.27,01,precip,NV
2001,1.14,-0.02,01,precip,NV
2002,0.67,-0.49,01,precip,NV
2003,0.52,-0.64,01,precip,NV
2004,0.53,-0.63,01,precip,NV
2005,2.25,1.09,01,precip,NV
2006,1.47,0.31,01,precip,NV
2007,0.33,-0.83,01,precip,NV
2008,1.48,0.32,01,precip,NV
2009,0.87,-0.29,01,precip,NV
2010,1.45,0.29,01,precip,NV
2011,0.29,-0.87,01,precip,NV
2012,0.95,-0.21,01,precip,NV
2013,0.68,-0.48,01,precip,NV
2014,0.51,-0.65,01,precip,NV
2015,0.50,-0.66,01,precip,NV
2016,1.72,0.56,01,precip,NV
2017,2.88,1.72,01,precip,NV
2018,0.96,-0.20,01,precip,NV
2019,1.32,0.16,01,precip,NV
2000,2.28,1.17,02,precip,NV
2001,1.09,-0.02,02,precip,NV
2002,0.57,-0.54,02,precip,NV
2003,1.05,-0.06,02,precip,NV
2004,1.65,0.54,02,precip,NV
2005,1.43,0.32,02,precip,NV
2006,0.79,-0.32,02,precip,NV
2007,1.01,-0.10,02,precip,NV
2008,1.10,-0.01,02,precip,NV
2009,1.14,0.03,02,precip,NV
2010,1.03,-0.08,02,precip,NV
2011,0.83,-0.28,02,precip,NV
2012,0.53,-0.58,02,precip,NV
2013,0.38,-0.73,02,precip,NV
2014,1.20,0.09,02,precip,NV
2015,0.58,-0.53,02,precip,NV
2016,0.48,-0.63,02,precip,NV
2017,1.56,0.45,02,precip,NV
2018,0.42,-0.69,02,precip,NV
2019,2.33,1.22,02,precip,NV
2000,0.97,-0.10,03,precip,NV
2001,1.00,-0.07,03,precip,NV
2002,0.53,-0.54,03,precip,NV
2003,0.80,-0.27,03,precip,NV
2004,0.34,-0.73,03,precip,NV
2005,1.26,0.19,03,precip,NV
2006,1.74,0.67,03,precip,NV
2007,0.59,-0.48,03,precip,NV
2008,0.38,-0.69,03,precip,NV
2009,0.65,-0.42,03,precip,NV
2010,0.94,-0.13,03,precip,NV
2011,1.57,0.50,03,precip,NV
2012,1.01,-0.06,03,precip,NV
2013,0.42,-0.65,03,precip,NV
2014,1.03,-0.04,03,precip,NV
2015,0.38,-0.69,03,precip,NV
2016,1.01,-0.06,03,precip,NV
2017,1.11,0.04,03,precip,NV
2018,1.62,0.55,03,precip,NV
2019,2.03,0.96,03,precip,NV
2000,0.69,-0.22,04,precip,NV
2001,1.19,0.28,04,precip,NV
2002,0.86,-0.05,04,precip,NV
2003,1.68,0.77,04,precip,NV
2004,1.02,0.11,04,precip,NV
2005,1.34,0.43,04,precip,NV
2006,1.77,0.86,04,precip,NV
2007,0.90,-0.01,04,precip,NV
2008,0.23,-0.68,04,precip,NV
2009,1.05,0.14,04,precip,NV
2010,1.27,0.36,04,precip,NV
2011,1.22,0.31,04,precip,NV
2012,0.67,-0.24,04,precip,NV
2013,0.51,-0.40,04,precip,NV
2014,0.66,-0.25,04,precip,NV
2015,0.70,-0.21,04,precip,NV
2016,1.58,0.67,04,precip,NV
2017,1.12,0.21,04,precip,NV
2018,0.84,-0.07,04,precip,NV
2000,1.06,0.08,05,precip,NV
2001,0.16,-0.82,05,precip,NV
2002,0.40,-0.58,05,precip,NV
2003,0.90,-0.08,05,precip,NV
2004,0.59,-0.39,05,precip,NV
2005,1.99,1.01,05,precip,NV
2006,0.54,-0.44,05,precip,NV
2007,0.28,-0.70,05,precip,NV
2008,1.01,0.03,05,precip,NV
2009,0.61,-0.37,05,precip,NV
2010,1.07,0.09,05,precip,NV
2011,1.53,0.55,05,precip,NV
2012,0.30,-0.68,05,precip,NV
2013,0.70,-0.28,05,precip,NV
2014,0.79,-0.19,05,precip,NV
2015,2.11,1.13,05,precip,NV
2016,1.00,0.02,05,precip,NV
2017,0.53,-0.45,05,precip,NV
2018,1.37,0.39,05,precip,NV
2000,0.25,-0.45,06,precip,NV
2001,0.13,-0.57,06,precip,NV
2002,0.26,-0.44,06,precip,NV
2003,0.10,-0.60,06,precip,NV
2004,0.34,-0.36,06,precip,NV
2005,0.51,-0.19,06,precip,NV
2006,0.29,-0.41,06,precip,NV
2007,0.34,-0.36,06,precip,NV
2008,0.25,-0.45,06,precip,NV
2009,1.84,1.14,06,precip,NV
2010,0.20,-0.50,06,precip,NV
2011,0.55,-0.15,06,precip,NV
2012,0.09,-0.61,06,precip,NV
2013,0.12,-0.58,06,precip,NV
2014,0.12,-0.58,06,precip,NV
2015,0.56,-0.14,06,precip,NV
2016,0.43,-0.27,06,precip,NV
2017,0.53,-0.17,06,precip,NV
2018,0.16,-0.54,06,precip,NV
2000,0.04,-0.50,07,precip,NV
2001,0.81,0.27,07,precip,NV
2002,0.31,-0.23,07,precip,NV
2003,0.50,-0.04,07,precip,NV
2004,0.54,0.00,07,precip,NV
2005,0.37,-0.17,07,precip,NV
2006,0.68,0.14,07,precip,NV
2007,0.39,-0.15,07,precip,NV
2008,0.32,-0.22,07,precip,NV
2009,0.40,-0.14,07,precip,NV
2010,0.35,-0.19,07,precip,NV
2011,0.50,-0.04,07,precip,NV
2012,0.85,0.31,07,precip,NV
2013,0.76,0.22,07,precip,NV
2014,0.77,0.23,07,precip,NV
2015,1.22,0.68,07,precip,NV
2016,0.21,-0.33,07,precip,NV
2017,0.61,0.07,07,precip,NV
2018,0.77,0.23,07,precip,NV
2000,1.03,0.43,08,precip,NV
2001,0.27,-0.33,08,precip,NV
2002,0.06,-0.54,08,precip,NV
2003,1.15,0.55,08,precip,NV
2004,0.82,0.22,08,precip,NV
2005,0.59,-0.01,08,precip,NV
2006,0.06,-0.54,08,precip,NV
2007,0.57,-0.03,08,precip,NV
2008,0.17,-0.43,08,precip,NV
2009,0.35,-0.25,08,precip,NV
2010,0.25,-0.35,08,precip,NV
2011,0.23,-0.37,08,precip,NV
2012,1.00,0.40,08,precip,NV
2013,0.54,-0.06,08,precip,NV
2014,1.49,0.89,08,precip,NV
2015,0.49,-0.11,08,precip,NV
2016,0.32,-0.28,08,precip,NV
2017,0.63,0.03,08,precip,NV
2018,0.25,-0.35,08,precip,NV
2000,0.33,-0.24,09,precip,NV
2001,0.25,-0.32,09,precip,NV
2002,0.47,-0.10,09,precip,NV
2003,0.31,-0.26,09,precip,NV
2004,0.45,-0.12,09,precip,NV
2005,0.37,-0.20,09,precip,NV
2006,0.20,-0.37,09,precip,NV
2007,0.87,0.30,09,precip,NV
2008,0.14,-0.43,09,precip,NV
2009,0.14,-0.43,09,precip,NV
2010,0.26,-0.31,09,precip,NV
2011,0.48,-0.09,09,precip,NV
2012,0.53,-0.04,09,precip,NV
2013,1.39,0.82,09,precip,NV
2014,1.19,0.62,09,precip,NV
2015,0.34,-0.23,09,precip,NV
2016,0.60,0.03,09,precip,NV
2017,0.96,0.39,09,precip,NV
2018,0.05,-0.52,09,precip,NV
2000,1.65,0.87,10,precip,NV
2001,0.28,-0.50,10,precip,NV
2002,0.36,-0.42,10,precip,NV
2003,0.12,-0.66,10,precip,NV
2004,2.36,1.58,10,precip,NV
2005,0.86,0.08,10,precip,NV
2006,0.86,0.08,10,precip,NV
2007,0.61,-0.17,10,precip,NV
2008,0.37,-0.41,10,precip,NV
2009,0.78,0.00,10,precip,NV
2010,2.23,1.45,10,precip,NV
2011,0.93,0.15,10,precip,NV
2012,0.67,-0.11,10,precip,NV
2013,0.59,-0.19,10,precip,NV
2014,0.12,-0.66,10,precip,NV
2015,1.83,1.05,10,precip,NV
2016,1.36,0.58,10,precip,NV
2017,0.17,-0.61,10,precip,NV
2018,1.10,0.32,10,precip,NV
2000,0.39,-0.48,11,precip,NV
2001,1.24,0.37,11,precip,NV
2002,0.94,0.07,11,precip,NV
2003,0.98,0.11,11,precip,NV
2004,1.40,0.53,11,precip,NV
2005,0.74,-0.13,11,precip,NV
2006,0.61,-0.26,11,precip,NV
2007,0.32,-0.55,11,precip,NV
2008,1.12,0.25,11,precip,NV
2009,0.18,-0.69,11,precip,NV
2010,1.19,0.32,11,precip,NV
2011,0.38,-0.49,11,precip,NV
2012,0.48,-0.39,11,precip,NV
2013,0.74,-0.13,11,precip,NV
2014,0.71,-0.16,11,precip,NV
2015,1.29,0.42,11,precip,NV
2016,0.48,-0.39,11,precip,NV
2017,0.88,0.01,11,precip,NV
2018,0.80,-0.07,11,precip,NV
2000,0.36,-0.66,12,precip,NV
2001,1.37,0.35,12,precip,NV
2002,0.81,-0.21,12,precip,NV
2003,1.71,0.69,12,precip,NV
2004,1.31,0.29,12,precip,NV
2005,1.84,0.82,12,precip,NV
2006,0.66,-0.36,12,precip,NV
2007,1.38,0.36,12,precip,NV
2008,1.12,0.10,12,precip,NV
2009,1.21,0.19,12,precip,NV
2010,2.82,1.80,12,precip,NV
2011,0.11,-0.91,12,precip,NV
2012,1.81,0.79,12,precip,NV
2013,0.63,-0.39,12,precip,NV
2014,1.33,0.31,12,precip,NV
2015,1.34,0.32,12,precip,NV
2016,1.96,0.94,12,precip,NV
2017,0.19,-0.83,12,precip,NV
2018,0.93,-0.09,12,precip,NV
2000,0.23,-0.38,01,precip,NM
2001,1.16,0.55,01,precip,NM
2002,0.52,-0.09,01,precip,NM
2003,0.07,-0.54,01,precip,NM
2004,0.49,-0.12,01,precip,NM
2005,1.63,1.02,01,precip,NM
2006,0.16,-0.45,01,precip,NM
2007,1.04,0.43,01,precip,NM
2008,0.61,0.00,01,precip,NM
2009,0.20,-0.41,01,precip,NM
2010,1.44,0.83,01,precip,NM
2011,0.08,-0.53,01,precip,NM
2012,0.28,-0.33,01,precip,NM
2013,0.50,-0.11,01,precip,NM
2014,0.03,-0.58,01,precip,NM
2015,1.41,0.80,01,precip,NM
2016,0.52,-0.09,01,precip,NM
2017,1.71,1.10,01,precip,NM
2018,0.16,-0.45,01,precip,NM
2019,0.56,-0.05,01,precip,NM
2000,0.16,-0.48,02,precip,NM
2001,0.70,0.06,02,precip,NM
2002,0.33,-0.31,02,precip,NM
2003,1.07,0.43,02,precip,NM
2004,1.07,0.43,02,precip,NM
2005,1.85,1.21,02,precip,NM
2006,0.11,-0.53,02,precip,NM
2007,0.53,-0.11,02,precip,NM
2008,0.56,-0.08,02,precip,NM
2009,0.19,-0.45,02,precip,NM
2010,1.18,0.54,02,precip,NM
2011,0.34,-0.30,02,precip,NM
2012,0.36,-0.28,02,precip,NM
2013,0.39,-0.25,02,precip,NM
2014,0.17,-0.47,02,precip,NM
2015,0.72,0.08,02,precip,NM
2016,0.27,-0.37,02,precip,NM
2017,0.61,-0.03,02,precip,NM
2018,0.74,0.10,02,precip,NM
2019,0.63,-0.01,02,precip,NM
2000,1.62,0.89,03,precip,NM
2001,1.06,0.33,03,precip,NM
2002,0.43,-0.30,03,precip,NM
2003,0.67,-0.06,03,precip,NM
2004,0.87,0.14,03,precip,NM
2005,1.13,0.40,03,precip,NM
2006,0.55,-0.18,03,precip,NM
2007,1.03,0.30,03,precip,NM
2008,0.19,-0.54,03,precip,NM
2009,0.49,-0.24,03,precip,NM
2010,1.00,0.27,03,precip,NM
2011,0.15,-0.58,03,precip,NM
2012,0.27,-0.46,03,precip,NM
2013,0.22,-0.51,03,precip,NM
2014,0.47,-0.26,03,precip,NM
2015,0.71,-0.02,03,precip,NM
2016,0.08,-0.65,03,precip,NM
2017,0.48,-0.25,03,precip,NM
2018,0.27,-0.46,03,precip,NM
2019,1.01,0.28,03,precip,NM
2000,0.34,-0.41,04,precip,NM
2001,0.41,-0.34,04,precip,NM
2002,0.26,-0.49,04,precip,NM
2003,0.16,-0.59,04,precip,NM
2004,2.61,1.86,04,precip,NM
2005,0.84,0.09,04,precip,NM
2006,0.29,-0.46,04,precip,NM
2007,0.77,0.02,04,precip,NM
2008,0.16,-0.59,04,precip,NM
2009,0.46,-0.29,04,precip,NM
2010,0.87,0.12,04,precip,NM
2011,0.25,-0.50,04,precip,NM
2012,0.39,-0.36,04,precip,NM
2013,0.18,-0.57,04,precip,NM
2014,0.37,-0.38,04,precip,NM
2015,0.74,-0.01,04,precip,NM
2016,0.98,0.23,04,precip,NM
2017,0.98,0.23,04,precip,NM
2018,0.16,-0.59,04,precip,NM
2000,0.12,-0.93,05,precip,NM
2001,1.02,-0.03,05,precip,NM
2002,0.14,-0.91,05,precip,NM
2003,0.38,-0.67,05,precip,NM
2004,0.17,-0.88,05,precip,NM
2005,1.21,0.16,05,precip,NM
2006,0.39,-0.66,05,precip,NM
2007,1.98,0.93,05,precip,NM
2008,0.98,-0.07,05,precip,NM
2009,0.91,-0.14,05,precip,NM
2010,0.47,-0.58,05,precip,NM
2011,0.23,-0.82,05,precip,NM
2012,0.81,-0.24,05,precip,NM
2013,0.22,-0.83,05,precip,NM
2014,1.06,0.01,05,precip,NM
2015,2.54,1.49,05,precip,NM
2016,0.98,-0.07,05,precip,NM
2017,0.73,-0.32,05,precip,NM
2018,0.44,-0.61,05,precip,NM
2000,2.27,1.10,06,precip,NM
2001,0.80,-0.37,06,precip,NM
2002,0.73,-0.44,06,precip,NM
2003,1.26,0.09,06,precip,NM
2004,1.20,0.03,06,precip,NM
2005,0.47,-0.70,06,precip,NM
2006,1.05,-0.12,06,precip,NM
2007,1.14,-0.03,06,precip,NM
2008,0.56,-0.61,06,precip,NM
2009,1.48,0.31,06,precip,NM
2010,0.89,-0.28,06,precip,NM
2011,0.17,-1.00,06,precip,NM
2012,0.33,-0.84,06,precip,NM
2013,0.64,-0.53,06,precip,NM
2014,0.55,-0.62,06,precip,NM
2015,1.57,0.40,06,precip,NM
2016,1.05,-0.12,06,precip,NM
2017,0.93,-0.24,06,precip,NM
2018,0.98,-0.19,06,precip,NM
2000,1.71,-0.63,07,precip,NM
2001,1.78,-0.56,07,precip,NM
2002,2.25,-0.09,07,precip,NM
2003,0.78,-1.56,07,precip,NM
2004,2.32,-0.02,07,precip,NM
2005,0.98,-1.36,07,precip,NM
2006,3.21,0.87,07,precip,NM
2007,2.33,-0.01,07,precip,NM
2008,4.06,1.72,07,precip,NM
2009,2.67,0.33,07,precip,NM
2010,3.70,1.36,07,precip,NM
2011,1.70,-0.64,07,precip,NM
2012,1.95,-0.39,07,precip,NM
2013,3.48,1.14,07,precip,NM
2014,3.19,0.85,07,precip,NM
2015,3.70,1.36,07,precip,NM
2016,1.25,-1.09,07,precip,NM
2017,2.65,0.31,07,precip,NM
2018,2.40,0.06,07,precip,NM
2000,1.69,-0.78,08,precip,NM
2001,2.39,-0.08,08,precip,NM
2002,1.75,-0.72,08,precip,NM
2003,1.63,-0.84,08,precip,NM
2004,2.25,-0.22,08,precip,NM
2005,3.03,0.56,08,precip,NM
2006,4.78,2.31,08,precip,NM
2007,1.99,-0.48,08,precip,NM
2008,2.78,0.31,08,precip,NM
2009,1.26,-1.21,08,precip,NM
2010,2.26,-0.21,08,precip,NM
2011,1.84,-0.63,08,precip,NM
2012,1.62,-0.85,08,precip,NM
2013,2.16,-0.31,08,precip,NM
2014,2.16,-0.31,08,precip,NM
2015,2.05,-0.42,08,precip,NM
2016,3.21,0.74,08,precip,NM
2017,3.03,0.56,08,precip,NM
2018,1.73,-0.74,08,precip,NM
2000,0.22,-1.45,09,precip,NM
2001,0.92,-0.75,09,precip,NM
2002,2.61,0.94,09,precip,NM
2003,0.94,-0.73,09,precip,NM
2004,2.22,0.55,09,precip,NM
2005,1.83,0.16,09,precip,NM
2006,2.36,0.69,09,precip,NM
2007,1.80,0.13,09,precip,NM
2008,1.27,-0.40,09,precip,NM
2009,1.75,0.08,09,precip,NM
2010,1.43,-0.24,09,precip,NM
2011,1.66,-0.01,09,precip,NM
2012,1.31,-0.36,09,precip,NM
2013,4.19,2.52,09,precip,NM
2014,3.15,1.48,09,precip,NM
2015,1.10,-0.57,09,precip,NM
2016,1.83,0.16,09,precip,NM
2017,2.42,0.75,09,precip,NM
2018,1.77,0.10,09,precip,NM
2000,3.23,2.08,10,precip,NM
2001,0.23,-0.92,10,precip,NM
2002,1.54,0.39,10,precip,NM
2003,1.03,-0.12,10,precip,NM
2004,1.61,0.46,10,precip,NM
2005,1.24,0.09,10,precip,NM
2006,1.88,0.73,10,precip,NM
2007,0.25,-0.90,10,precip,NM
2008,1.32,0.17,10,precip,NM
2009,1.17,0.02,10,precip,NM
2010,0.81,-0.34,10,precip,NM
2011,1.08,-0.07,10,precip,NM
2012,0.29,-0.86,10,precip,NM
2013,0.43,-0.72,10,precip,NM
2014,0.67,-0.48,10,precip,NM
2015,2.89,1.74,10,precip,NM
2016,0.32,-0.83,10,precip,NM
2017,1.08,-0.07,10,precip,NM
2018,2.78,1.63,10,precip,NM
2000,1.29,0.63,11,precip,NM
2001,0.94,0.28,11,precip,NM
2002,0.56,-0.10,11,precip,NM
2003,0.86,0.20,11,precip,NM
2004,1.71,1.05,11,precip,NM
2005,0.06,-0.60,11,precip,NM
2006,0.17,-0.49,11,precip,NM
2007,0.42,-0.24,11,precip,NM
2008,0.38,-0.28,11,precip,NM
2009,0.40,-0.26,11,precip,NM
2010,0.10,-0.56,11,precip,NM
2011,0.47,-0.19,11,precip,NM
2012,0.18,-0.48,11,precip,NM
2013,0.86,0.20,11,precip,NM
2014,0.63,-0.03,11,precip,NM
2015,0.85,0.19,11,precip,NM
2016,1.34,0.68,11,precip,NM
2017,0.11,-0.55,11,precip,NM
2018,0.25,-0.41,11,precip,NM
2000,0.48,-0.26,12,precip,NM
2001,0.41,-0.33,12,precip,NM
2002,1.17,0.43,12,precip,NM
2003,0.22,-0.52,12,precip,NM
2004,0.73,-0.01,12,precip,NM
2005,0.07,-0.67,12,precip,NM
2006,1.02,0.28,12,precip,NM
2007,1.47,0.73,12,precip,NM
2008,0.87,0.13,12,precip,NM
2009,0.96,0.22,12,precip,NM
2010,0.67,-0.07,12,precip,NM
2011,1.83,1.09,12,precip,NM
2012,0.62,-0.12,12,precip,NM
2013,0.40,-0.34,12,precip,NM
2014,0.75,0.01,12,precip,NM
2015,1.05,0.31,12,precip,NM
2016,1.11,0.37,12,precip,NM
2017,0.11,-0.63,12,precip,NM
2018,0.91,0.17,12,precip,NM
2000,5.97,1.21,01,precip,OR
2001,1.81,-2.95,01,precip,OR
2002,5.17,0.41,01,precip,OR
2003,4.96,0.20,01,precip,OR
2004,5.35,0.59,01,precip,OR
2005,2.13,-2.63,01,precip,OR
2006,8.28,3.52,01,precip,OR
2007,2.62,-2.14,01,precip,OR
2008,5.87,1.11,01,precip,OR
2009,2.95,-1.81,01,precip,OR
2010,4.52,-0.24,01,precip,OR
2011,3.15,-1.61,01,precip,OR
2012,5.82,1.06,01,precip,OR
2013,2.60,-2.16,01,precip,OR
2014,2.35,-2.41,01,precip,OR
2015,1.98,-2.78,01,precip,OR
2016,5.16,0.40,01,precip,OR
2017,5.01,0.25,01,precip,OR
2018,4.14,-0.62,01,precip,OR
2019,3.45,-1.31,01,precip,OR
2000,4.65,0.83,02,precip,OR
2001,1.60,-2.22,02,precip,OR
2002,2.29,-1.53,02,precip,OR
2003,2.36,-1.46,02,precip,OR
2004,3.86,0.04,02,precip,OR
2005,1.06,-2.76,02,precip,OR
2006,2.37,-1.45,02,precip,OR
2007,4.54,0.72,02,precip,OR
2008,2.43,-1.39,02,precip,OR
2009,2.43,-1.39,02,precip,OR
2010,2.59,-1.23,02,precip,OR
2011,3.25,-0.57,02,precip,OR
2012,2.90,-0.92,02,precip,OR
2013,1.61,-2.21,02,precip,OR
2014,5.78,1.96,02,precip,OR
2015,3.58,-0.24,02,precip,OR
2016,2.48,-1.34,02,precip,OR
2017,6.48,2.66,02,precip,OR
2018,2.29,-1.53,02,precip,OR
2019,6.67,2.85,02,precip,OR
2000,2.72,-0.72,03,precip,OR
2001,2.54,-0.90,03,precip,OR
2002,3.10,-0.34,03,precip,OR
2003,4.93,1.49,03,precip,OR
2004,1.81,-1.63,03,precip,OR
2005,3.45,0.01,03,precip,OR
2006,3.81,0.37,03,precip,OR
2007,2.22,-1.22,03,precip,OR
2008,3.45,0.01,03,precip,OR
2009,3.95,0.51,03,precip,OR
2010,3.57,0.13,03,precip,OR
2011,6.37,2.93,03,precip,OR
2012,7.19,3.75,03,precip,OR
2013,1.86,-1.58,03,precip,OR
2014,5.52,2.08,03,precip,OR
2015,2.59,-0.85,03,precip,OR
2016,4.96,1.52,03,precip,OR
2017,5.79,2.35,03,precip,OR
2018,3.42,-0.02,03,precip,OR
2019,1.95,-1.49,03,precip,OR
2000,2.09,-0.29,04,precip,OR
2001,2.60,0.22,04,precip,OR
2002,2.42,0.04,04,precip,OR
2003,4.11,1.73,04,precip,OR
2004,1.91,-0.47,04,precip,OR
2005,3.17,0.79,04,precip,OR
2006,2.68,0.30,04,precip,OR
2007,2.22,-0.16,04,precip,OR
2008,2.05,-0.33,04,precip,OR
2009,2.01,-0.37,04,precip,OR
2010,3.89,1.51,04,precip,OR
2011,3.94,1.56,04,precip,OR
2012,3.32,0.94,04,precip,OR
2013,2.17,-0.21,04,precip,OR
2014,2.52,0.14,04,precip,OR
2015,1.55,-0.83,04,precip,OR
2016,1.78,-0.60,04,precip,OR
2017,3.90,1.52,04,precip,OR
2018,3.23,0.85,04,precip,OR
2000,2.10,0.02,05,precip,OR
2001,1.28,-0.80,05,precip,OR
2002,1.06,-1.02,05,precip,OR
2003,1.89,-0.19,05,precip,OR
2004,2.86,0.78,05,precip,OR
2005,4.81,2.73,05,precip,OR
2006,2.00,-0.08,05,precip,OR
2007,0.95,-1.13,05,precip,OR
2008,1.94,-0.14,05,precip,OR
2009,2.65,0.57,05,precip,OR
2010,3.02,0.94,05,precip,OR
2011,3.40,1.32,05,precip,OR
2012,1.89,-0.19,05,precip,OR
2013,2.42,0.34,05,precip,OR
2014,1.80,-0.28,05,precip,OR
2015,2.17,0.09,05,precip,OR
2016,1.57,-0.51,05,precip,OR
2017,1.58,-0.50,05,precip,OR
2018,1.30,-0.78,05,precip,OR
2000,1.01,-0.53,06,precip,OR
2001,1.41,-0.13,06,precip,OR
2002,1.07,-0.47,06,precip,OR
2003,0.21,-1.33,06,precip,OR
2004,1.23,-0.31,06,precip,OR
2005,1.62,0.08,06,precip,OR
2006,1.57,0.03,06,precip,OR
2007,1.18,-0.36,06,precip,OR
2008,1.01,-0.53,06,precip,OR
2009,2.19,0.65,06,precip,OR
2010,2.85,1.31,06,precip,OR
2011,1.45,-0.09,06,precip,OR
2012,2.45,0.91,06,precip,OR
2013,1.49,-0.05,06,precip,OR
2014,1.14,-0.40,06,precip,OR
2015,0.42,-1.12,06,precip,OR
2016,1.03,-0.51,06,precip,OR
2017,1.37,-0.17,06,precip,OR
2018,1.25,-0.29,06,precip,OR
2000,0.35,-0.18,07,precip,OR
2001,0.77,0.24,07,precip,OR
2002,0.19,-0.34,07,precip,OR
2003,0.25,-0.28,07,precip,OR
2004,0.25,-0.28,07,precip,OR
2005,0.33,-0.20,07,precip,OR
2006,0.23,-0.30,07,precip,OR
2007,0.45,-0.08,07,precip,OR
2008,0.13,-0.40,07,precip,OR
2009,0.17,-0.36,07,precip,OR
2010,0.23,-0.30,07,precip,OR
2011,0.67,0.14,07,precip,OR
2012,0.45,-0.08,07,precip,OR
2013,0.20,-0.33,07,precip,OR
2014,0.50,-0.03,07,precip,OR
2015,0.76,0.23,07,precip,OR
2016,0.66,0.13,07,precip,OR
2017,0.07,-0.46,07,precip,OR
2018,0.18,-0.35,07,precip,OR
2000,0.10,-0.51,08,precip,OR
2001,0.39,-0.22,08,precip,OR
2002,0.24,-0.37,08,precip,OR
2003,0.49,-0.12,08,precip,OR
2004,1.71,1.10,08,precip,OR
2005,0.09,-0.52,08,precip,OR
2006,0.20,-0.41,08,precip,OR
2007,0.59,-0.02,08,precip,OR
2008,0.74,0.13,08,precip,OR
2009,0.76,0.15,08,precip,OR
2010,0.39,-0.22,08,precip,OR
2011,0.08,-0.53,08,precip,OR
2012,0.08,-0.53,08,precip,OR
2013,0.86,0.25,08,precip,OR
2014,0.67,0.06,08,precip,OR
2015,0.38,-0.23,08,precip,OR
2016,0.10,-0.51,08,precip,OR
2017,0.21,-0.40,08,precip,OR
2018,0.27,-0.34,08,precip,OR
2000,1.10,-0.14,09,precip,OR
2001,0.69,-0.55,09,precip,OR
2002,0.62,-0.62,09,precip,OR
2003,1.04,-0.20,09,precip,OR
2004,1.29,0.05,09,precip,OR
2005,0.65,-0.59,09,precip,OR
2006,0.71,-0.53,09,precip,OR
2007,1.08,-0.16,09,precip,OR
2008,0.32,-0.92,09,precip,OR
2009,0.51,-0.73,09,precip,OR
2010,1.54,0.30,09,precip,OR
2011,0.23,-1.01,09,precip,OR
2012,0.09,-1.15,09,precip,OR
2013,4.23,2.99,09,precip,OR
2014,1.14,-0.10,09,precip,OR
2015,0.83,-0.41,09,precip,OR
2016,0.61,-0.63,09,precip,OR
2017,1.37,0.13,09,precip,OR
2018,0.33,-0.91,09,precip,OR
2000,3.07,0.63,10,precip,OR
2001,2.22,-0.22,10,precip,OR
2002,0.45,-1.99,10,precip,OR
2003,1.29,-1.15,10,precip,OR
2004,3.32,0.88,10,precip,OR
2005,2.55,0.11,10,precip,OR
2006,1.07,-1.37,10,precip,OR
2007,3.56,1.12,10,precip,OR
2008,1.42,-1.02,10,precip,OR
2009,2.96,0.52,10,precip,OR
2010,3.59,1.15,10,precip,OR
2011,2.06,-0.38,10,precip,OR
2012,3.77,1.33,10,precip,OR
2013,0.99,-1.45,10,precip,OR
2014,3.50,1.06,10,precip,OR
2015,1.93,-0.51,10,precip,OR
2016,7.24,4.80,10,precip,OR
2017,3.11,0.67,10,precip,OR
2018,2.11,-0.33,10,precip,OR
2000,2.06,-2.48,11,precip,OR
2001,5.37,0.83,11,precip,OR
2002,2.54,-2.00,11,precip,OR
2003,3.75,-0.79,11,precip,OR
2004,1.78,-2.76,11,precip,OR
2005,5.39,0.85,11,precip,OR
2006,8.08,3.54,11,precip,OR
2007,3.65,-0.89,11,precip,OR
2008,3.83,-0.71,11,precip,OR
2009,3.70,-0.84,11,precip,OR
2010,4.62,0.08,11,precip,OR
2011,3.54,-1.00,11,precip,OR
2012,5.39,0.85,11,precip,OR
2013,2.40,-2.14,11,precip,OR
2014,4.14,-0.40,11,precip,OR
2015,3.85,-0.69,11,precip,OR
2016,3.83,-0.71,11,precip,OR
2017,5.11,0.57,11,precip,OR
2018,2.63,-1.91,11,precip,OR
2000,2.69,-2.14,12,precip,OR
2001,6.16,1.33,12,precip,OR
2002,7.06,2.23,12,precip,OR
2003,6.78,1.95,12,precip,OR
2004,4.32,-0.51,12,precip,OR
2005,7.97,3.14,12,precip,OR
2006,5.44,0.61,12,precip,OR
2007,5.93,1.10,12,precip,OR
2008,5.44,0.61,12,precip,OR
2009,3.34,-1.49,12,precip,OR
2010,7.10,2.27,12,precip,OR
2011,2.54,-2.29,12,precip,OR
2012,6.73,1.90,12,precip,OR
2013,1.89,-2.94,12,precip,OR
2014,6.23,1.40,12,precip,OR
2015,10.13,5.30,12,precip,OR
2016,5.26,0.43,12,precip,OR
2017,2.21,-2.62,12,precip,OR
2018,4.53,-0.30,12,precip,OR
2000,1.05,-0.44,01,precip,TX
2001,2.35,0.86,01,precip,TX
2002,0.96,-0.53,01,precip,TX
2003,0.58,-0.91,01,precip,TX
2004,2.17,0.68,01,precip,TX
2005,1.89,0.40,01,precip,TX
2006,1.06,-0.43,01,precip,TX
2007,3.55,2.06,01,precip,TX
2008,0.94,-0.55,01,precip,TX
2009,0.40,-1.09,01,precip,TX
2010,2.37,0.88,01,precip,TX
2011,1.55,0.06,01,precip,TX
2012,2.27,0.78,01,precip,TX
2013,2.46,0.97,01,precip,TX
2014,0.37,-1.12,01,precip,TX
2015,2.67,1.18,01,precip,TX
2016,0.95,-0.54,01,precip,TX
2017,2.28,0.79,01,precip,TX
2018,0.64,-0.85,01,precip,TX
2019,1.47,-0.02,01,precip,TX
2000,1.01,-0.59,02,precip,TX
2001,2.03,0.43,02,precip,TX
2002,1.05,-0.55,02,precip,TX
2003,2.40,0.80,02,precip,TX
2004,2.81,1.21,02,precip,TX
2005,2.51,0.91,02,precip,TX
2006,1.14,-0.46,02,precip,TX
2007,0.48,-1.12,02,precip,TX
2008,1.10,-0.50,02,precip,TX
2009,0.62,-0.98,02,precip,TX
2010,2.59,0.99,02,precip,TX
2011,0.65,-0.95,02,precip,TX
2012,2.29,0.69,02,precip,TX
2013,1.21,-0.39,02,precip,TX
2014,0.73,-0.87,02,precip,TX
2015,1.09,-0.51,02,precip,TX
2016,1.06,-0.54,02,precip,TX
2017,1.71,0.11,02,precip,TX
2018,2.43,0.83,02,precip,TX
2019,0.88,-0.72,02,precip,TX
2000,2.36,0.70,03,precip,TX
2001,3.25,1.59,03,precip,TX
2002,1.98,0.32,03,precip,TX
2003,1.13,-0.53,03,precip,TX
2004,2.35,0.69,03,precip,TX
2005,1.80,0.14,03,precip,TX
2006,2.07,0.41,03,precip,TX
2007,4.47,2.81,03,precip,TX
2008,2.34,0.68,03,precip,TX
2009,2.21,0.55,03,precip,TX
2010,1.87,0.21,03,precip,TX
2011,0.27,-1.39,03,precip,TX
2012,3.07,1.41,03,precip,TX
2013,0.66,-1.00,03,precip,TX
2014,1.11,-0.55,03,precip,TX
2015,3.47,1.81,03,precip,TX
2016,2.85,1.19,03,precip,TX
2017,1.88,0.22,03,precip,TX
2018,1.96,0.30,03,precip,TX
2019,1.18,-0.48,03,precip,TX
2000,1.91,-0.45,04,precip,TX
2001,0.79,-1.57,04,precip,TX
2002,1.79,-0.57,04,precip,TX
2003,0.77,-1.59,04,precip,TX
2004,3.94,1.58,04,precip,TX
2005,0.70,-1.66,04,precip,TX
2006,1.51,-0.85,04,precip,TX
2007,2.15,-0.21,04,precip,TX
2008,1.87,-0.49,04,precip,TX
2009,3.20,0.84,04,precip,TX
2010,2.69,0.33,04,precip,TX
2011,0.70,-1.66,04,precip,TX
2012,1.27,-1.09,04,precip,TX
2013,1.77,-0.59,04,precip,TX
2014,0.98,-1.38,04,precip,TX
2015,3.96,1.60,04,precip,TX
2016,4.30,1.94,04,precip,TX
2017,2.75,0.39,04,precip,TX
2018,1.02,-1.34,04,precip,TX
2000,3.13,-0.24,05,precip,TX
2001,3.02,-0.35,05,precip,TX
2002,1.90,-1.47,05,precip,TX
2003,1.50,-1.87,05,precip,TX
2004,2.39,-0.98,05,precip,TX
2005,2.89,-0.48,05,precip,TX
2006,2.20,-1.17,05,precip,TX
2007,5.54,2.17,05,precip,TX
2008,2.29,-1.08,05,precip,TX
2009,2.30,-1.07,05,precip,TX
2010,2.27,-1.10,05,precip,TX
2011,1.56,-1.81,05,precip,TX
2012,2.88,-0.49,05,precip,TX
2013,2.42,-0.95,05,precip,TX
2014,4.10,0.73,05,precip,TX
2015,9.05,5.68,05,precip,TX
2016,4.86,1.49,05,precip,TX
2017,2.54,-0.83,05,precip,TX
2018,2.04,-1.33,05,precip,TX
2000,5.03,2.17,06,precip,TX
2001,2.55,-0.31,06,precip,TX
2002,2.39,-0.47,06,precip,TX
2003,4.48,1.62,06,precip,TX
2004,6.66,3.80,06,precip,TX
2005,1.24,-1.62,06,precip,TX
2006,1.96,-0.90,06,precip,TX
2007,5.33,2.47,06,precip,TX
2008,1.93,-0.93,06,precip,TX
2009,1.87,-0.99,06,precip,TX
2010,2.78,-0.08,06,precip,TX
2011,0.98,-1.88,06,precip,TX
2012,1.86,-1.00,06,precip,TX
2013,2.33,-0.53,06,precip,TX
2014,3.01,0.15,06,precip,TX
2015,3.72,0.86,06,precip,TX
2016,3.37,0.51,06,precip,TX
2017,3.11,0.25,06,precip,TX
2018,2.47,-0.39,06,precip,TX
2000,0.70,-1.63,07,precip,TX
2001,0.97,-1.36,07,precip,TX
2002,4.73,2.40,07,precip,TX
2003,2.36,0.03,07,precip,TX
2004,2.37,0.04,07,precip,TX
2005,3.01,0.68,07,precip,TX
2006,2.31,-0.02,07,precip,TX
2007,5.37,3.04,07,precip,TX
2008,2.29,-0.04,07,precip,TX
2009,3.09,0.76,07,precip,TX
2010,5.12,2.79,07,precip,TX
2011,0.74,-1.59,07,precip,TX
2012,2.70,0.37,07,precip,TX
2013,3.10,0.77,07,precip,TX
2014,2.58,0.25,07,precip,TX
2015,1.85,-0.48,07,precip,TX
2016,1.31,-1.02,07,precip,TX
2017,2.46,0.13,07,precip,TX
2018,2.18,-0.15,07,precip,TX
2000,0.47,-1.84,08,precip,TX
2001,3.60,1.29,08,precip,TX
2002,1.75,-0.56,08,precip,TX
2003,2.09,-0.22,08,precip,TX
2004,3.18,0.87,08,precip,TX
2005,3.42,1.11,08,precip,TX
2006,2.36,0.05,08,precip,TX
2007,2.92,0.61,08,precip,TX
2008,4.52,2.21,08,precip,TX
2009,1.62,-0.69,08,precip,TX
2010,1.28,-1.03,08,precip,TX
2011,0.74,-1.57,08,precip,TX
2012,1.84,-0.47,08,precip,TX
2013,1.41,-0.90,08,precip,TX
2014,1.73,-0.58,08,precip,TX
2015,1.43,-0.88,08,precip,TX
2016,5.33,3.02,08,precip,TX
2017,7.01,4.70,08,precip,TX
2018,2.23,-0.08,08,precip,TX
2000,1.18,-1.75,09,precip,TX
2001,3.23,0.30,09,precip,TX
2002,2.99,0.06,09,precip,TX
2003,3.91,0.98,09,precip,TX
2004,2.55,-0.38,09,precip,TX
2005,1.41,-1.52,09,precip,TX
2006,3.27,0.34,09,precip,TX
2007,2.68,-0.25,09,precip,TX
2008,2.85,-0.08,09,precip,TX
2009,4.20,1.27,09,precip,TX
2010,4.31,1.38,09,precip,TX
2011,1.14,-1.79,09,precip,TX
2012,3.95,1.02,09,precip,TX
2013,4.05,1.12,09,precip,TX
2014,3.59,0.66,09,precip,TX
2015,1.43,-1.50,09,precip,TX
2016,2.96,0.03,09,precip,TX
2017,2.61,-0.32,09,precip,TX
2018,6.77,3.84,09,precip,TX
2000,4.00,1.47,10,precip,TX
2001,1.74,-0.79,10,precip,TX
2002,6.17,3.64,10,precip,TX
2003,2.71,0.18,10,precip,TX
2004,3.95,1.42,10,precip,TX
2005,2.15,-0.38,10,precip,TX
2006,4.03,1.50,10,precip,TX
2007,1.15,-1.38,10,precip,TX
2008,2.16,-0.37,10,precip,TX
2009,5.55,3.02,10,precip,TX
2010,0.76,-1.77,10,precip,TX
2011,2.23,-0.30,10,precip,TX
2012,0.69,-1.84,10,precip,TX
2013,3.31,0.78,10,precip,TX
2014,1.76,-0.77,10,precip,TX
2015,6.17,3.64,10,precip,TX
2016,0.67,-1.86,10,precip,TX
2017,1.25,-1.28,10,precip,TX
2018,6.86,4.33,10,precip,TX
2000,5.24,3.38,11,precip,TX
2001,3.31,1.45,11,precip,TX
2002,1.83,-0.03,11,precip,TX
2003,1.56,-0.30,11,precip,TX
2004,6.18,4.32,11,precip,TX
2005,0.73,-1.13,11,precip,TX
2006,0.72,-1.14,11,precip,TX
2007,1.34,-0.52,11,precip,TX
2008,0.99,-0.87,11,precip,TX
2009,1.26,-0.60,11,precip,TX
2010,1.04,-0.82,11,precip,TX
2011,1.28,-0.58,11,precip,TX
2012,0.31,-1.55,11,precip,TX
2013,1.94,0.08,11,precip,TX
2014,2.83,0.97,11,precip,TX
2015,3.87,2.01,11,precip,TX
2016,2.34,0.48,11,precip,TX
2017,0.73,-1.13,11,precip,TX
2018,1.67,-0.19,11,precip,TX
2000,1.75,-0.03,12,precip,TX
2001,2.27,0.49,12,precip,TX
2002,3.11,1.33,12,precip,TX
2003,0.71,-1.07,12,precip,TX
2004,0.81,-0.97,12,precip,TX
2005,0.45,-1.33,12,precip,TX
2006,2.50,0.72,12,precip,TX
2007,1.22,-0.56,12,precip,TX
2008,0.52,-1.26,12,precip,TX
2009,2.22,0.44,12,precip,TX
2010,0.73,-1.05,12,precip,TX
2011,2.86,1.08,12,precip,TX
2012,0.97,-0.81,12,precip,TX
2013,1.36,-0.42,12,precip,TX
2014,1.22,-0.56,12,precip,TX
2015,2.52,0.74,12,precip,TX
2016,2.10,0.32,12,precip,TX
2017,1.96,0.18,12,precip,TX
2018,3.32,1.54,12,precip,TX
2000,1.42,0.20,01,precip,UT
2001,1.02,-0.20,01,precip,UT
2002,0.43,-0.79,01,precip,UT
2003,0.40,-0.82,01,precip,UT
2004,0.60,-0.62,01,precip,UT
2005,2.76,1.54,01,precip,UT
2006,1.35,0.13,01,precip,UT
2007,0.53,-0.69,01,precip,UT
2008,1.67,0.45,01,precip,UT
2009,1.12,-0.10,01,precip,UT
2010,1.58,0.36,01,precip,UT
2011,0.39,-0.83,01,precip,UT
2012,0.97,-0.25,01,precip,UT
2013,1.01,-0.21,01,precip,UT
2014,0.61,-0.61,01,precip,UT
2015,0.92,-0.30,01,precip,UT
2016,1.42,0.20,01,precip,UT
2017,2.76,1.54,01,precip,UT
2018,0.89,-0.33,01,precip,UT
2019,1.51,0.29,01,precip,UT
2000,1.92,0.70,02,precip,UT
2001,1.24,0.02,02,precip,UT
2002,0.28,-0.94,02,precip,UT
2003,1.47,0.25,02,precip,UT
2004,1.89,0.67,02,precip,UT
2005,1.61,0.39,02,precip,UT
2006,0.56,-0.66,02,precip,UT
2007,1.05,-0.17,02,precip,UT
2008,1.53,0.31,02,precip,UT
2009,0.98,-0.24,02,precip,UT
2010,1.11,-0.11,02,precip,UT
2011,1.21,-0.01,02,precip,UT
2012,1.04,-0.18,02,precip,UT
2013,0.52,-0.70,02,precip,UT
2014,1.06,-0.16,02,precip,UT
2015,0.63,-0.59,02,precip,UT
2016,0.62,-0.60,02,precip,UT
2017,1.54,0.32,02,precip,UT
2018,0.83,-0.39,02,precip,UT
2019,2.23,1.01,02,precip,UT
2000,1.29,-0.07,03,precip,UT
2001,1.24,-0.12,03,precip,UT
2002,0.80,-0.56,03,precip,UT
2003,1.33,-0.03,03,precip,UT
2004,0.33,-1.03,03,precip,UT
2005,1.63,0.27,03,precip,UT
2006,2.40,1.04,03,precip,UT
2007,0.82,-0.54,03,precip,UT
2008,0.67,-0.69,03,precip,UT
2009,0.79,-0.57,03,precip,UT
2010,1.30,-0.06,03,precip,UT
2011,1.27,-0.09,03,precip,UT
2012,0.73,-0.63,03,precip,UT
2013,0.73,-0.63,03,precip,UT
2014,0.99,-0.37,03,precip,UT
2015,0.85,-0.51,03,precip,UT
2016,1.20,-0.16,03,precip,UT
2017,1.59,0.23,03,precip,UT
2018,1.29,-0.07,03,precip,UT
2019,2.71,1.35,03,precip,UT
2000,0.58,-0.64,04,precip,UT
2001,1.49,0.27,04,precip,UT
2002,0.87,-0.35,04,precip,UT
2003,0.93,-0.29,04,precip,UT
2004,1.82,0.60,04,precip,UT
2005,1.75,0.53,04,precip,UT
2006,1.16,-0.06,04,precip,UT
2007,0.91,-0.31,04,precip,UT
2008,0.42,-0.80,04,precip,UT
2009,1.56,0.34,04,precip,UT
2010,1.39,0.17,04,precip,UT
2011,2.02,0.80,04,precip,UT
2012,0.73,-0.49,04,precip,UT
2013,1.28,0.06,04,precip,UT
2014,0.94,-0.28,04,precip,UT
2015,0.98,-0.24,04,precip,UT
2016,1.70,0.48,04,precip,UT
2017,1.16,-0.06,04,precip,UT
2018,0.84,-0.38,04,precip,UT
2000,0.93,-0.22,05,precip,UT
2001,0.65,-0.50,05,precip,UT
2002,0.38,-0.77,05,precip,UT
2003,1.08,-0.07,05,precip,UT
2004,0.63,-0.52,05,precip,UT
2005,1.74,0.59,05,precip,UT
2006,0.42,-0.73,05,precip,UT
2007,0.68,-0.47,05,precip,UT
2008,1.07,-0.08,05,precip,UT
2009,1.23,0.08,05,precip,UT
2010,1.24,0.09,05,precip,UT
2011,2.81,1.66,05,precip,UT
2012,0.28,-0.87,05,precip,UT
2013,0.97,-0.18,05,precip,UT
2014,1.02,-0.13,05,precip,UT
2015,3.20,2.05,05,precip,UT
2016,1.36,0.21,05,precip,UT
2017,0.64,-0.51,05,precip,UT
2018,1.06,-0.09,05,precip,UT
2000,0.49,-0.24,06,precip,UT
2001,0.37,-0.36,06,precip,UT
2002,0.15,-0.58,06,precip,UT
2003,0.56,-0.17,06,precip,UT
2004,0.66,-0.07,06,precip,UT
2005,1.43,0.70,06,precip,UT
2006,0.42,-0.31,06,precip,UT
2007,0.39,-0.34,06,precip,UT
2008,0.65,-0.08,06,precip,UT
2009,1.74,1.01,06,precip,UT
2010,0.79,0.06,06,precip,UT
2011,0.54,-0.19,06,precip,UT
2012,0.03,-0.70,06,precip,UT
2013,0.02,-0.71,06,precip,UT
2014,0.24,-0.49,06,precip,UT
2015,0.97,0.24,06,precip,UT
2016,0.33,-0.40,06,precip,UT
2017,0.16,-0.57,06,precip,UT
2018,0.07,-0.66,06,precip,UT
2000,0.31,-0.68,07,precip,UT
2001,0.95,-0.04,07,precip,UT
2002,0.61,-0.38,07,precip,UT
2003,0.39,-0.60,07,precip,UT
2004,0.82,-0.17,07,precip,UT
2005,0.41,-0.58,07,precip,UT
2006,1.21,0.22,07,precip,UT
2007,0.91,-0.08,07,precip,UT
2008,0.53,-0.46,07,precip,UT
2009,0.49,-0.50,07,precip,UT
2010,0.83,-0.16,07,precip,UT
2011,1.72,0.73,07,precip,UT
2012,1.41,0.42,07,precip,UT
2013,1.50,0.51,07,precip,UT
2014,1.14,0.15,07,precip,UT
2015,1.46,0.47,07,precip,UT
2016,0.62,-0.37,07,precip,UT
2017,1.38,0.39,07,precip,UT
2018,0.91,-0.08,07,precip,UT
2000,1.57,0.36,08,precip,UT
2001,1.27,0.06,08,precip,UT
2002,0.29,-0.92,08,precip,UT
2003,1.19,-0.02,08,precip,UT
2004,0.89,-0.32,08,precip,UT
2005,1.32,0.11,08,precip,UT
2006,0.90,-0.31,08,precip,UT
2007,1.21,0.00,08,precip,UT
2008,0.92,-0.29,08,precip,UT
2009,0.39,-0.82,08,precip,UT
2010,1.38,0.17,08,precip,UT
2011,0.96,-0.25,08,precip,UT
2012,1.07,-0.14,08,precip,UT
2013,1.40,0.19,08,precip,UT
2014,2.46,1.25,08,precip,UT
2015,1.27,0.06,08,precip,UT
2016,0.94,-0.27,08,precip,UT
2017,0.94,-0.27,08,precip,UT
2018,1.06,-0.15,08,precip,UT
2000,0.93,-0.13,09,precip,UT
2001,0.31,-0.75,09,precip,UT
2002,2.27,1.21,09,precip,UT
2003,0.64,-0.42,09,precip,UT
2004,1.22,0.16,09,precip,UT
2005,0.92,-0.14,09,precip,UT
2006,1.40,0.34,09,precip,UT
2007,1.40,0.34,09,precip,UT
2008,0.62,-0.44,09,precip,UT
2009,0.75,-0.31,09,precip,UT
2010,0.26,-0.80,09,precip,UT
2011,0.96,-0.10,09,precip,UT
2012,1.04,-0.02,09,precip,UT
2013,2.74,1.68,09,precip,UT
2014,2.66,1.60,09,precip,UT
2015,0.88,-0.18,09,precip,UT
2016,2.08,1.02,09,precip,UT
2017,1.54,0.48,09,precip,UT
2018,0.09,-0.97,09,precip,UT
2000,2.77,1.54,10,precip,UT
2001,0.51,-0.72,10,precip,UT
2002,1.32,0.09,10,precip,UT
2003,0.43,-0.80,10,precip,UT
2004,3.43,2.20,10,precip,UT
2005,1.38,0.15,10,precip,UT
2006,3.08,1.85,10,precip,UT
2007,0.85,-0.38,10,precip,UT
2008,0.82,-0.41,10,precip,UT
2009,0.79,-0.44,10,precip,UT
2010,2.57,1.34,10,precip,UT
2011,1.42,0.19,10,precip,UT
2012,0.96,-0.27,10,precip,UT
2013,1.01,-0.22,10,precip,UT
2014,0.20,-1.03,10,precip,UT
2015,1.80,0.57,10,precip,UT
2016,0.89,-0.34,10,precip,UT
2017,0.18,-1.05,10,precip,UT
2018,2.82,1.59,10,precip,UT
2000,0.68,-0.38,11,precip,UT
2001,1.52,0.46,11,precip,UT
2002,0.93,-0.13,11,precip,UT
2003,1.35,0.29,11,precip,UT
2004,1.69,0.63,11,precip,UT
2005,0.65,-0.41,11,precip,UT
2006,0.70,-0.36,11,precip,UT
2007,0.33,-0.73,11,precip,UT
2008,1.07,0.01,11,precip,UT
2009,0.40,-0.66,11,precip,UT
2010,1.40,0.34,11,precip,UT
2011,0.90,-0.16,11,precip,UT
2012,0.67,-0.39,11,precip,UT
2013,1.02,-0.04,11,precip,UT
2014,0.75,-0.31,11,precip,UT
2015,1.07,0.01,11,precip,UT
2016,0.95,-0.11,11,precip,UT
2017,0.53,-0.53,11,precip,UT
2018,0.81,-0.25,11,precip,UT
2000,0.64,-0.47,12,precip,UT
2001,1.12,0.01,12,precip,UT
2002,0.71,-0.40,12,precip,UT
2003,1.76,0.65,12,precip,UT
2004,1.29,0.18,12,precip,UT
2005,1.08,-0.03,12,precip,UT
2006,0.81,-0.30,12,precip,UT
2007,2.20,1.09,12,precip,UT
2008,1.69,0.58,12,precip,UT
2009,1.56,0.45,12,precip,UT
2010,3.38,2.27,12,precip,UT
2011,0.51,-0.60,12,precip,UT
2012,1.76,0.65,12,precip,UT
2013,1.01,-0.10,12,precip,UT
2014,1.26,0.15,12,precip,UT
2015,1.38,0.27,12,precip,UT
2016,1.93,0.82,12,precip,UT
2017,0.39,-0.72,12,precip,UT
2018,0.82,-0.29,12,precip,UT
2000,6.09,0.03,01,precip,WA
2001,2.98,-3.08,01,precip,WA
2002,7.33,1.27,01,precip,WA
2003,8.26,2.20,01,precip,WA
2004,6.20,0.14,01,precip,WA
2005,4.58,-1.48,01,precip,WA
2006,11.78,5.72,01,precip,WA
2007,5.11,-0.95,01,precip,WA
2008,5.79,-0.27,01,precip,WA
2009,6.23,0.17,01,precip,WA
2010,6.24,0.18,01,precip,WA
2011,6.53,0.47,01,precip,WA
2012,6.35,0.29,01,precip,WA
2013,3.97,-2.09,01,precip,WA
2014,4.42,-1.64,01,precip,WA
2015,4.96,-1.10,01,precip,WA
2016,6.82,0.76,01,precip,WA
2017,3.64,-2.42,01,precip,WA
2018,7.74,1.68,01,precip,WA
2019,4.38,-1.68,01,precip,WA
2000,4.28,-0.46,02,precip,WA
2001,2.08,-2.66,02,precip,WA
2002,4.23,-0.51,02,precip,WA
2003,2.49,-2.25,02,precip,WA
2004,3.20,-1.54,02,precip,WA
2005,1.11,-3.63,02,precip,WA
2006,3.57,-1.17,02,precip,WA
2007,4.61,-0.13,02,precip,WA
2008,3.65,-1.09,02,precip,WA
2009,1.98,-2.76,02,precip,WA
2010,3.38,-1.36,02,precip,WA
2011,4.09,-0.65,02,precip,WA
2012,4.76,0.02,02,precip,WA
2013,2.76,-1.98,02,precip,WA
2014,6.28,1.54,02,precip,WA
2015,4.30,-0.44,02,precip,WA
2016,5.08,0.34,02,precip,WA
2017,7.17,2.43,02,precip,WA
2018,4.38,-0.36,02,precip,WA
2019,4.33,-0.41,02,precip,WA
2000,3.94,-0.21,03,precip,WA
2001,3.56,-0.59,03,precip,WA
2002,4.46,0.31,03,precip,WA
2003,7.09,2.94,03,precip,WA
2004,3.23,-0.92,03,precip,WA
2005,4.39,0.24,03,precip,WA
2006,3.48,-0.67,03,precip,WA
2007,5.26,1.11,03,precip,WA
2008,4.03,-0.12,03,precip,WA
2009,4.89,0.74,03,precip,WA
2010,3.72,-0.43,03,precip,WA
2011,7.81,3.66,03,precip,WA
2012,7.87,3.72,03,precip,WA
2013,3.75,-0.40,03,precip,WA
2014,7.78,3.63,03,precip,WA
2015,4.32,0.17,03,precip,WA
2016,6.99,2.84,03,precip,WA
2017,8.53,4.38,03,precip,WA
2018,3.27,-0.88,03,precip,WA
2019,1.35,-2.80,03,precip,WA
2000,2.29,-0.54,04,precip,WA
2001,3.26,0.43,04,precip,WA
2002,3.23,0.40,04,precip,WA
2003,3.84,1.01,04,precip,WA
2004,1.35,-1.48,04,precip,WA
2005,3.37,0.54,04,precip,WA
2006,2.93,0.10,04,precip,WA
2007,2.13,-0.70,04,precip,WA
2008,2.29,-0.54,04,precip,WA
2009,2.66,-0.17,04,precip,WA
2010,4.04,1.21,04,precip,WA
2011,4.67,1.84,04,precip,WA
2012,3.93,1.10,04,precip,WA
2013,4.23,1.40,04,precip,WA
2014,3.78,0.95,04,precip,WA
2015,1.82,-1.01,04,precip,WA
2016,1.60,-1.23,04,precip,WA
2017,4.88,2.05,04,precip,WA
2018,5.53,2.70,04,precip,WA
2000,3.06,0.81,05,precip,WA
2001,1.92,-0.33,05,precip,WA
2002,2.00,-0.25,05,precip,WA
2003,1.48,-0.77,05,precip,WA
2004,3.06,0.81,05,precip,WA
2005,3.64,1.39,05,precip,WA
2006,2.37,0.12,05,precip,WA
2007,1.42,-0.83,05,precip,WA
2008,1.58,-0.67,05,precip,WA
2009,3.12,0.87,05,precip,WA
2010,4.28,2.03,05,precip,WA
2011,4.09,1.84,05,precip,WA
2012,2.31,0.06,05,precip,WA
2013,3.01,0.76,05,precip,WA
2014,2.44,0.19,05,precip,WA
2015,1.51,-0.74,05,precip,WA
2016,1.54,-0.71,05,precip,WA
2017,2.42,0.17,05,precip,WA
2018,1.18,-1.07,05,precip,WA
2000,2.14,0.25,06,precip,WA
2001,2.48,0.59,06,precip,WA
2002,1.81,-0.08,06,precip,WA
2003,0.52,-1.37,06,precip,WA
2004,1.63,-0.26,06,precip,WA
2005,2.03,0.14,06,precip,WA
2006,2.23,0.34,06,precip,WA
2007,1.68,-0.21,06,precip,WA
2008,1.88,-0.01,06,precip,WA
2009,0.96,-0.93,06,precip,WA
2010,3.28,1.39,06,precip,WA
2011,1.44,-0.45,06,precip,WA
2012,3.93,2.04,06,precip,WA
2013,2.26,0.37,06,precip,WA
2014,1.73,-0.16,06,precip,WA
2015,0.47,-1.42,06,precip,WA
2016,1.83,-0.06,06,precip,WA
2017,1.55,-0.34,06,precip,WA
2018,1.43,-0.46,06,precip,WA
2000,0.68,-0.22,07,precip,WA
2001,0.73,-0.17,07,precip,WA
2002,0.55,-0.35,07,precip,WA
2003,0.14,-0.76,07,precip,WA
2004,0.40,-0.50,07,precip,WA
2005,1.09,0.19,07,precip,WA
2006,0.38,-0.52,07,precip,WA
2007,1.06,0.16,07,precip,WA
2008,0.48,-0.42,07,precip,WA
2009,0.66,-0.24,07,precip,WA
2010,0.41,-0.49,07,precip,WA
2011,1.06,0.16,07,precip,WA
2012,1.43,0.53,07,precip,WA
2013,0.16,-0.74,07,precip,WA
2014,0.77,-0.13,07,precip,WA
2015,0.42,-0.48,07,precip,WA
2016,1.16,0.26,07,precip,WA
2017,0.04,-0.86,07,precip,WA
2018,0.24,-0.66,07,precip,WA
2000,0.40,-0.62,08,precip,WA
2001,1.43,0.41,08,precip,WA
2002,0.31,-0.71,08,precip,WA
2003,0.29,-0.73,08,precip,WA
2004,3.21,2.19,08,precip,WA
2005,0.49,-0.53,08,precip,WA
2006,0.18,-0.84,08,precip,WA
2007,0.70,-0.32,08,precip,WA
2008,2.13,1.11,08,precip,WA
2009,0.86,-0.16,08,precip,WA
2010,0.74,-0.28,08,precip,WA
2011,0.20,-0.82,08,precip,WA
2012,0.10,-0.92,08,precip,WA
2013,1.60,0.58,08,precip,WA
2014,1.47,0.45,08,precip,WA
2015,1.33,0.31,08,precip,WA
2016,0.36,-0.66,08,precip,WA
2017,0.14,-0.88,08,precip,WA
2018,0.40,-0.62,08,precip,WA
2000,1.97,0.02,09,precip,WA
2001,0.79,-1.16,09,precip,WA
2002,0.79,-1.16,09,precip,WA
2003,1.23,-0.72,09,precip,WA
2004,2.81,0.86,09,precip,WA
2005,1.59,-0.36,09,precip,WA
2006,1.17,-0.78,09,precip,WA
2007,1.43,-0.52,09,precip,WA
2008,0.65,-1.30,09,precip,WA
2009,1.65,-0.30,09,precip,WA
2010,3.46,1.51,09,precip,WA
2011,1.29,-0.66,09,precip,WA
2012,0.16,-1.79,09,precip,WA
2013,5.60,3.65,09,precip,WA
2014,1.79,-0.16,09,precip,WA
2015,1.50,-0.45,09,precip,WA
2016,1.67,-0.28,09,precip,WA
2017,1.35,-0.60,09,precip,WA
2018,1.56,-0.39,09,precip,WA
2000,2.93,-0.73,10,precip,WA
2001,4.60,0.94,10,precip,WA
2002,0.64,-3.02,10,precip,WA
2003,6.32,2.66,10,precip,WA
2004,3.81,0.15,10,precip,WA
2005,4.15,0.49,10,precip,WA
2006,1.81,-1.85,10,precip,WA
2007,4.06,0.40,10,precip,WA
2008,2.36,-1.30,10,precip,WA
2009,5.57,1.91,10,precip,WA
2010,4.29,0.63,10,precip,WA
2011,3.34,-0.32,10,precip,WA
2012,6.47,2.81,10,precip,WA
2013,1.37,-2.29,10,precip,WA
2014,6.01,2.35,10,precip,WA
2015,4.18,0.52,10,precip,WA
2016,10.29,6.63,10,precip,WA
2017,5.06,1.40,10,precip,WA
2018,3.64,-0.02,10,precip,WA
2000,3.02,-3.09,11,precip,WA
2001,7.67,1.56,11,precip,WA
2002,3.80,-2.31,11,precip,WA
2003,6.30,0.19,11,precip,WA
2004,3.79,-2.32,11,precip,WA
2005,5.48,-0.63,11,precip,WA
2006,13.51,7.40,11,precip,WA
2007,3.97,-2.14,11,precip,WA
2008,6.84,0.73,11,precip,WA
2009,7.93,1.82,11,precip,WA
2010,5.78,-0.33,11,precip,WA
2011,6.10,-0.01,11,precip,WA
2012,7.31,1.20,11,precip,WA
2013,4.03,-2.08,11,precip,WA
2014,6.10,-0.01,11,precip,WA
2015,7.02,0.91,11,precip,WA
2016,6.87,0.76,11,precip,WA
2017,8.86,2.75,11,precip,WA
2018,5.12,-0.99,11,precip,WA
2000,3.41,-3.06,12,precip,WA
2001,7.66,1.19,12,precip,WA
2002,7.36,0.89,12,precip,WA
2003,5.51,-0.96,12,precip,WA
2004,4.96,-1.51,12,precip,WA
2005,6.72,0.25,12,precip,WA
2006,6.85,0.38,12,precip,WA
2007,8.81,2.34,12,precip,WA
2008,5.71,-0.76,12,precip,WA
2009,3.39,-3.08,12,precip,WA
2010,7.70,1.23,12,precip,WA
2011,3.20,-3.27,12,precip,WA
2012,8.25,1.78,12,precip,WA
2013,2.94,-3.53,12,precip,WA
2014,6.23,-0.24,12,precip,WA
2015,11.42,4.95,12,precip,WA
2016,4.93,-1.54,12,precip,WA
2017,5.09,-1.38,12,precip,WA
2018,6.94,0.47,12,precip,WA
2000,1.18,0.12,01,precip,WY
2001,0.37,-0.69,01,precip,WY
2002,0.67,-0.39,01,precip,WY
2003,0.81,-0.25,01,precip,WY
2004,0.61,-0.45,01,precip,WY
2005,0.95,-0.11,01,precip,WY
2006,0.99,-0.07,01,precip,WY
2007,0.70,-0.36,01,precip,WY
2008,1.07,0.01,01,precip,WY
2009,1.34,0.28,01,precip,WY
2010,0.59,-0.47,01,precip,WY
2011,1.01,-0.05,01,precip,WY
2012,0.92,-0.14,01,precip,WY
2013,0.74,-0.32,01,precip,WY
2014,0.94,-0.12,01,precip,WY
2015,0.62,-0.44,01,precip,WY
2016,0.87,-0.19,01,precip,WY
2017,1.66,0.60,01,precip,WY
2018,0.90,-0.16,01,precip,WY
2019,0.86,-0.20,01,precip,WY
2000,1.18,0.21,02,precip,WY
2001,0.92,-0.05,02,precip,WY
2002,0.51,-0.46,02,precip,WY
2003,1.11,0.14,02,precip,WY
2004,1.07,0.10,02,precip,WY
2005,0.55,-0.42,02,precip,WY
2006,0.80,-0.17,02,precip,WY
2007,0.90,-0.07,02,precip,WY
2008,0.96,-0.01,02,precip,WY
2009,0.64,-0.33,02,precip,WY
2010,0.58,-0.39,02,precip,WY
2011,1.03,0.06,02,precip,WY
2012,1.29,0.32,02,precip,WY
2013,0.79,-0.18,02,precip,WY
2014,1.70,0.73,02,precip,WY
2015,0.94,-0.03,02,precip,WY
2016,0.80,-0.17,02,precip,WY
2017,2.02,1.05,02,precip,WY
2018,1.22,0.25,02,precip,WY
2019,1.35,0.38,02,precip,WY
2000,1.06,-0.19,03,precip,WY
2001,0.68,-0.57,03,precip,WY
2002,1.38,0.13,03,precip,WY
2003,2.06,0.81,03,precip,WY
2004,0.44,-0.81,03,precip,WY
2005,1.01,-0.24,03,precip,WY
2006,1.13,-0.12,03,precip,WY
2007,1.41,0.16,03,precip,WY
2008,1.30,0.05,03,precip,WY
2009,1.60,0.35,03,precip,WY
2010,1.11,-0.14,03,precip,WY
2011,1.48,0.23,03,precip,WY
2012,0.57,-0.68,03,precip,WY
2013,0.71,-0.54,03,precip,WY
2014,1.76,0.51,03,precip,WY
2015,0.58,-0.67,03,precip,WY
2016,1.99,0.74,03,precip,WY
2017,1.88,0.63,03,precip,WY
2018,1.40,0.15,03,precip,WY
2019,1.18,-0.07,03,precip,WY
2000,1.75,-0.02,04,precip,WY
2001,1.74,-0.03,04,precip,WY
2002,1.34,-0.43,04,precip,WY
2003,1.52,-0.25,04,precip,WY
2004,1.52,-0.25,04,precip,WY
2005,1.84,0.07,04,precip,WY
2006,1.20,-0.57,04,precip,WY
2007,1.20,-0.57,04,precip,WY
2008,0.94,-0.83,04,precip,WY
2009,2.50,0.73,04,precip,WY
2010,2.32,0.55,04,precip,WY
2011,2.49,0.72,04,precip,WY
2012,1.19,-0.58,04,precip,WY
2013,1.87,0.10,04,precip,WY
2014,1.38,-0.39,04,precip,WY
2015,1.70,-0.07,04,precip,WY
2016,2.52,0.75,04,precip,WY
2017,2.80,1.03,04,precip,WY
2018,1.43,-0.34,04,precip,WY
2000,2.32,0.11,05,precip,WY
2001,1.13,-1.08,05,precip,WY
2002,1.25,-0.96,05,precip,WY
2003,1.67,-0.54,05,precip,WY
2004,1.45,-0.76,05,precip,WY
2005,3.24,1.03,05,precip,WY
2006,1.29,-0.92,05,precip,WY
2007,2.14,-0.07,05,precip,WY
2008,4.00,1.79,05,precip,WY
2009,1.26,-0.95,05,precip,WY
2010,3.23,1.02,05,precip,WY
2011,4.59,2.38,05,precip,WY
2012,1.53,-0.68,05,precip,WY
2013,2.19,-0.02,05,precip,WY
2014,1.76,-0.45,05,precip,WY
2015,4.59,2.38,05,precip,WY
2016,2.46,0.25,05,precip,WY
2017,1.80,-0.41,05,precip,WY
2018,2.93,0.72,05,precip,WY
2000,1.14,-0.70,06,precip,WY
2001,1.25,-0.59,06,precip,WY
2002,0.66,-1.18,06,precip,WY
2003,2.19,0.35,06,precip,WY
2004,1.66,-0.18,06,precip,WY
2005,1.88,0.04,06,precip,WY
2006,0.64,-1.20,06,precip,WY
2007,1.08,-0.76,06,precip,WY
2008,1.43,-0.41,06,precip,WY
2009,3.22,1.38,06,precip,WY
2010,2.63,0.79,06,precip,WY
2011,1.59,-0.25,06,precip,WY
2012,0.45,-1.39,06,precip,WY
2013,0.68,-1.16,06,precip,WY
2014,1.77,-0.07,06,precip,WY
2015,1.89,0.05,06,precip,WY
2016,0.66,-1.18,06,precip,WY
2017,1.09,-0.75,06,precip,WY
2018,2.10,0.26,06,precip,WY
2000,0.69,-0.59,07,precip,WY
2001,1.50,0.22,07,precip,WY
2002,1.06,-0.22,07,precip,WY
2003,0.40,-0.88,07,precip,WY
2004,1.66,0.38,07,precip,WY
2005,0.77,-0.51,07,precip,WY
2006,0.83,-0.45,07,precip,WY
2007,1.33,0.05,07,precip,WY
2008,0.73,-0.55,07,precip,WY
2009,1.45,0.17,07,precip,WY
2010,1.11,-0.17,07,precip,WY
2011,1.01,-0.27,07,precip,WY
2012,1.12,-0.16,07,precip,WY
2013,1.32,0.04,07,precip,WY
2014,1.18,-0.10,07,precip,WY
2015,1.53,0.25,07,precip,WY
2016,0.70,-0.58,07,precip,WY
2017,0.97,-0.31,07,precip,WY
2018,1.15,-0.13,07,precip,WY
2000,0.69,-0.38,08,precip,WY
2001,0.63,-0.44,08,precip,WY
2002,1.16,0.09,08,precip,WY
2003,1.03,-0.04,08,precip,WY
2004,1.12,0.05,08,precip,WY
2005,1.30,0.23,08,precip,WY
2006,1.08,0.01,08,precip,WY
2007,1.36,0.29,08,precip,WY
2008,0.86,-0.21,08,precip,WY
2009,1.18,0.11,08,precip,WY
2010,1.01,-0.06,08,precip,WY
2011,0.81,-0.26,08,precip,WY
2012,0.26,-0.81,08,precip,WY
2013,0.90,-0.17,08,precip,WY
2014,2.33,1.26,08,precip,WY
2015,0.91,-0.16,08,precip,WY
2016,0.84,-0.23,08,precip,WY
2017,0.94,-0.13,08,precip,WY
2018,1.02,-0.05,08,precip,WY
2000,1.47,0.23,09,precip,WY
2001,0.90,-0.34,09,precip,WY
2002,1.36,0.12,09,precip,WY
2003,1.28,0.04,09,precip,WY
2004,1.88,0.64,09,precip,WY
2005,0.85,-0.39,09,precip,WY
2006,1.61,0.37,09,precip,WY
2007,1.18,-0.06,09,precip,WY
2008,1.41,0.17,09,precip,WY
2009,0.63,-0.61,09,precip,WY
2010,0.35,-0.89,09,precip,WY
2011,0.54,-0.70,09,precip,WY
2012,0.46,-0.78,09,precip,WY
2013,2.88,1.64,09,precip,WY
2014,1.95,0.71,09,precip,WY
2015,0.64,-0.60,09,precip,WY
2016,1.97,0.73,09,precip,WY
2017,2.21,0.97,09,precip,WY
2018,0.45,-0.79,09,precip,WY
2000,0.98,-0.22,10,precip,WY
2001,1.10,-0.10,10,precip,WY
2002,1.23,0.03,10,precip,WY
2003,0.69,-0.51,10,precip,WY
2004,1.75,0.55,10,precip,WY
2005,1.57,0.37,10,precip,WY
2006,1.36,0.16,10,precip,WY
2007,1.92,0.72,10,precip,WY
2008,1.23,0.03,10,precip,WY
2009,2.02,0.82,10,precip,WY
2010,1.28,0.08,10,precip,WY
2011,1.80,0.60,10,precip,WY
2012,1.11,-0.09,10,precip,WY
2013,2.53,1.33,10,precip,WY
2014,0.57,-0.63,10,precip,WY
2015,1.11,-0.09,10,precip,WY
2016,1.81,0.61,10,precip,WY
2017,0.79,-0.41,10,precip,WY
2018,1.28,0.08,10,precip,WY
2000,0.99,-0.04,11,precip,WY
2001,0.95,-0.08,11,precip,WY
2002,0.82,-0.21,11,precip,WY
2003,1.14,0.11,11,precip,WY
2004,0.71,-0.32,11,precip,WY
2005,1.15,0.12,11,precip,WY
2006,0.88,-0.15,11,precip,WY
2007,0.52,-0.51,11,precip,WY
2008,0.92,-0.11,11,precip,WY
2009,0.34,-0.69,11,precip,WY
2010,1.35,0.32,11,precip,WY
2011,1.36,0.33,11,precip,WY
2012,0.87,-0.16,11,precip,WY
2013,0.56,-0.47,11,precip,WY
2014,1.41,0.38,11,precip,WY
2015,1.09,0.06,11,precip,WY
2016,0.84,-0.19,11,precip,WY
2017,1.48,0.45,11,precip,WY
2018,1.30,0.27,11,precip,WY
2000,0.86,-0.15,12,precip,WY
2001,0.74,-0.27,12,precip,WY
2002,0.53,-0.48,12,precip,WY
2003,1.23,0.22,12,precip,WY
2004,0.69,-0.32,12,precip,WY
2005,1.16,0.15,12,precip,WY
2006,0.93,-0.08,12,precip,WY
2007,1.31,0.30,12,precip,WY
2008,1.20,0.19,12,precip,WY
2009,0.82,-0.19,12,precip,WY
2010,1.69,0.68,12,precip,WY
2011,0.84,-0.17,12,precip,WY
2012,1.19,0.18,12,precip,WY
2013,1.15,0.14,12,precip,WY
2014,1.35,0.34,12,precip,WY
2015,1.11,0.10,12,precip,WY
2016,1.82,0.81,12,precip,WY
2017,1.02,0.01,12,precip,WY
2018,0.72,-0.29,12,precip,WY
